threads,size,nb,ib,Time_sec,GFlops
1,8192,32,8,1.42391e-05,9.20507616352157
1,8192,32,12,1.25043e-05,10.482154138976192
1,8192,32,16,1.06608e-05,12.29476211916554
1,8192,36,8,1.91623e-05,9.73912317414924
1,8192,36,12,1.54308e-05,12.094253052336883
1,8192,36,16,1.55953e-05,11.966682269658168
1,8192,40,8,2.25982e-05,11.328335885158994
1,8192,40,12,2.04371e-05,12.526239045657162
1,8192,40,16,1.80898e-05,14.1516213556811
1,8192,40,20,1.63622e-05,15.645817799562405
1,8192,44,8,2.93229e-05,11.620133070057872
1,8192,44,12,2.4826e-05,13.724965761701442
1,8192,44,16,2.18964e-05,15.561279479731828
1,8192,44,20,2.2499e-05,15.144495310902707
1,8192,48,8,3.38599e-05,13.064657603832265
1,8192,48,12,2.90684e-05,15.218175062954964
1,8192,48,16,2.55021e-05,17.346336184078957
1,8192,48,20,2.60992e-05,16.9494850416871
1,8192,48,24,2.31634e-05,19.09771449787164
1,8192,52,8,4.30298e-05,13.070755615875507
1,8192,52,12,3.68804e-05,15.250159976572922
1,8192,52,16,3.34377e-05,16.820295654306367
1,8192,52,20,3.07965e-05,18.26285454515935
1,8192,52,24,3.12361e-05,18.00583299451596
1,8192,56,8,4.93354e-05,14.238538655813066
1,8192,56,12,4.24345e-05,16.554077460556858
1,8192,56,16,3.85636e-05,18.215726747502828
1,8192,56,20,3.51257e-05,19.998576540823382
1,8192,56,24,3.5717e-05,19.667497270207463
1,8192,56,28,3.25262e-05,21.596866526062065
1,8192,60,8,6.05069e-05,14.279363180067069
1,8192,60,12,4.92185e-05,17.554374879364463
1,8192,60,16,4.4824e-05,19.275388184900944
1,8192,60,20,4.15927e-05,20.77287600949205
1,8192,60,24,4.1873e-05,20.63382131683901
1,8192,60,28,4.29513e-05,20.11580557515139
1,8192,64,8,6.87054e-05,15.261915366186646
1,8192,64,12,5.9922e-05,17.49901538666934
1,8192,64,16,5.01555e-05,20.90650078256622
1,8192,64,20,5.1597e-05,20.322421846231368
1,8192,64,24,4.72963e-05,22.170360049306183
1,8192,64,28,4.76466e-05,22.007362540034336
1,8192,64,32,4.32114e-05,24.266189014935875
1,8192,68,8,8.21877e-05,15.303117133098992
1,8192,68,12,6.91979e-05,18.175811693707463
1,8192,68,16,6.48413e-05,19.39702010909713
1,8192,68,20,5.94948e-05,21.14013325534333
1,8192,68,24,5.51205e-05,22.817790114385755
1,8192,68,28,5.59623e-05,22.474558765454603
1,8192,68,32,5.56257e-05,22.610555912105376
1,8192,72,8,9.19277e-05,16.240937171276993
1,8192,72,12,7.62417e-05,19.582354538264493
1,8192,72,16,7.0479e-05,21.183501468522536
1,8192,72,20,6.63239e-05,22.510618344216788
1,8192,72,24,6.2174e-05,24.01312445716859
1,8192,72,28,6.1419e-05,24.308308503883165
1,8192,72,32,6.18989e-05,24.119847040900563
1,8192,72,36,5.75182e-05,25.95686234965628
1,8192,76,8,0.000109497,16.036092313031407
1,8192,76,12,9.32007e-05,18.84003017144721
1,8192,76,16,8.05165e-05,21.80800208652885
1,8192,76,20,7.53828e-05,23.293165019075968
1,8192,76,24,7.65426e-05,22.940218910776483
1,8192,76,28,7.12929e-05,24.629437152928272
1,8192,76,32,7.17736e-05,24.4644827624642
1,8192,76,36,7.18922e-05,24.424123896611874
1,8192,80,8,0.000121868,16.80506777825188
1,8192,80,12,0.00010248,19.984387197501952
1,8192,80,16,8.88695e-05,23.04502669644816
1,8192,80,20,8.36653e-05,24.47848749720613
1,8192,80,24,8.49497e-05,24.108384137907493
1,8192,80,28,7.88109e-05,25.986253170563973
1,8192,80,32,7.8119e-05,26.216413420550698
1,8192,80,36,7.93329e-05,25.81526705818141
1,8192,80,40,7.35542e-05,27.843413428464995
1,8192,84,8,0.000141505,16.754291367796192
1,8192,84,12,0.000115069,20.603429246799745
1,8192,84,16,0.000107138,22.12861916406877
1,8192,84,20,0.000101845,23.27866856497619
1,8192,84,24,9.58772e-05,24.727630761015128
1,8192,84,28,8.94144e-05,26.514923770667814
1,8192,84,32,8.94987e-05,26.489949016019224
1,8192,84,36,9.10054e-05,26.051377171025017
1,8192,84,40,9.13244e-05,25.96037860637464
1,8192,88,8,0.000159173,17.125316479553693
1,8192,88,12,0.000134823,20.218271363194702
1,8192,88,16,0.000116902,23.317719115156283
1,8192,88,20,0.000111749,24.39295206221085
1,8192,88,24,0.000105339,25.877291411537986
1,8192,88,28,0.000105825,25.75845027167493
1,8192,88,32,9.78906e-05,27.846269202558773
1,8192,88,36,9.85342e-05,27.664384548715063
1,8192,88,40,0.000100372,27.157852787630016
1,8192,88,44,9.29228e-05,29.33497483932899
1,8192,92,8,0.00017958,17.344648624568435
1,8192,92,12,0.000148228,21.01324985832636
1,8192,92,16,0.000131456,23.694255111976627
1,8192,92,20,0.000125544,24.810042694194863
1,8192,92,24,0.000117865,26.426437025410426
1,8192,92,28,0.000119589,26.045472409669788
1,8192,92,32,0.000111953,27.82196100149169
1,8192,92,36,0.000113139,27.53031227074661
1,8192,92,40,0.000114609,27.177202488460765
1,8192,92,44,0.000113909,27.34421336329877
1,8192,96,8,0.000197947,17.878240134985628
1,8192,96,12,0.000164249,21.54621337116208
1,8192,96,16,0.00014454,24.484184308841844
1,8192,96,20,0.00013777,25.687333962401105
1,8192,96,24,0.000130389,27.1414306421554
1,8192,96,28,0.000129891,27.24549044968473
1,8192,96,32,0.000120407,29.39151378242129
1,8192,96,36,0.000121129,29.21632309356141
1,8192,96,40,0.00012251,28.88698065464044
1,8192,96,44,0.000123389,28.681195244308647
1,8192,96,48,0.000115374,30.673669977637942
1,8192,100,8,0.000224692,17.802146938920835
1,8192,100,12,0.000189842,21.07015307466209
1,8192,100,16,0.000169064,23.659679174750394
1,8192,100,20,0.000152979,26.14737970571124
1,8192,100,24,0.000153679,26.02827972592221
1,8192,100,28,0.000146255,27.34949232504872
1,8192,100,32,0.00014481,27.622401767833715
1,8192,100,36,0.000136476,29.309182566898205
1,8192,100,40,0.000139331,28.708614737567377
1,8192,100,44,0.000139662,28.640575102748063
1,8192,100,48,0.000141171,28.33443129254592
1,8192,104,8,0.000247703,18.164721460781664
1,8192,104,12,0.000205507,21.8944172217978
1,8192,104,16,0.000183837,24.47524709389296
1,8192,104,20,0.00017845,25.214099187447463
1,8192,104,24,0.000167664,26.83614848745109
1,8192,104,28,0.000157104,28.639983705061614
1,8192,104,32,0.000157398,28.58648775715066
1,8192,104,36,0.000148076,30.38612604338313
1,8192,104,40,0.000149479,30.100923875594567
1,8192,104,44,0.000149214,30.15438229656735
1,8192,104,48,0.000151261,29.7463060537746
1,8192,104,52,0.000142059,31.673149888426643
1,8192,108,8,0.000278432,18.097230203424893
1,8192,108,12,0.000228263,22.074747111884097
1,8192,108,16,0.00020307,24.813355000738664
1,8192,108,20,0.000193647,26.020790407287485
1,8192,108,24,0.000183475,27.463403733478675
1,8192,108,28,0.000174454,28.88353376821397
1,8192,108,32,0.000174644,28.852110579235475
1,8192,108,36,0.000165168,30.5074106364429
1,8192,108,40,0.000168401,29.92172255509172
1,8192,108,44,0.00016869,29.87046060821625
1,8192,108,48,0.000167932,30.00528785460781
1,8192,108,52,0.000170877,29.488158148843905
1,8192,112,8,0.000300202,18.719768689082684
1,8192,112,12,0.000257637,21.81251916456099
1,8192,112,16,0.000217445,25.844291659959996
1,8192,112,20,0.000207876,27.033962554599857
1,8192,112,24,0.00019782,28.40820948336872
1,8192,112,28,0.000187884,29.91054054629452
1,8192,112,32,0.000189555,29.64686766373876
1,8192,112,36,0.000190304,29.530183285690267
1,8192,112,40,0.000179182,31.363150316438038
1,8192,112,44,0.000179614,31.28771699310744
1,8192,112,48,0.000181402,30.97932768106195
1,8192,112,52,0.000181613,30.943335554172883
1,8192,112,56,0.000171745,32.72125534950072
1,8192,116,8,0.000338993,18.41803223075403
1,8192,116,12,0.000277022,22.538224400950103
1,8192,116,16,0.000250556,24.918916330081903
1,8192,116,20,0.000232766,26.82343641253448
1,8192,116,24,0.000218716,28.54653523290477
1,8192,116,28,0.000220192,28.35518093300393
1,8192,116,32,0.000210626,29.642988045160617
1,8192,116,36,0.000208976,29.877038511599416
1,8192,116,40,0.000199568,31.285496672813277
1,8192,116,44,0.000198785,31.40872802273813
1,8192,116,48,0.00020073,31.104388980222183
1,8192,116,52,0.000201288,31.01816303008625
1,8192,116,56,0.00020355,30.67346597887497
1,8192,120,8,0.000364402,18.96806274389273
1,8192,120,12,0.000300269,23.019359307820658
1,8192,120,16,0.000270511,25.551641153224818
1,8192,120,20,0.000246789,28.00773130082783
1,8192,120,24,0.000234386,29.48981594463833
1,8192,120,28,0.000235375,29.36590546999469
1,8192,120,32,0.000225451,30.658546646499683
1,8192,120,36,0.00022591,30.596255145854546
1,8192,120,40,0.000214063,32.28955961562718
1,8192,120,44,0.000212622,32.50839518017891
1,8192,120,48,0.000213987,32.30102763251973
1,8192,120,52,0.000214659,32.199907760680894
1,8192,120,56,0.000217839,31.72985553551017
1,8192,120,60,0.00020764,33.28838374109035
1,8192,124,8,0.000666615,11.440630648875288
1,8192,124,12,0.00132808,5.742497439913259
1,8192,124,16,0.000442216,17.24608788465365
1,8192,124,20,0.000394893,19.312816383172148
1,8192,124,24,0.000376342,20.264801696329403
1,8192,124,28,0.000382227,19.95279245055948
1,8192,124,32,0.000299856,25.433861586895045
1,8192,124,36,0.000303279,25.146798822206616
1,8192,124,40,0.000360647,21.146705781553703
1,8192,124,44,0.000345993,22.04234189709041
1,8192,124,48,0.000238942,31.91777083978539
1,8192,124,52,0.000338291,22.544188287598544
1,8192,124,56,0.000335544,22.72875092387288
1,8192,124,60,0.000343027,22.232932101554688
1,8192,128,8,0.000655428,12.79867201279164
1,8192,128,12,0.000543202,15.44288864915814
1,8192,128,16,0.000315018,26.628979931305512
1,8192,128,20,0.000447119,18.761466186854054
1,8192,128,24,0.000427779,19.60967695936453
1,8192,128,28,0.000406788,20.62157192444221
1,8192,128,32,0.000379038,22.131311372474528
1,8192,128,36,0.000381544,21.985951816828464
1,8192,128,40,0.000265682,31.57386650205885
1,8192,128,44,0.000358681,23.38737764197156
1,8192,128,48,0.000359323,23.34559157081512
1,8192,128,52,0.000362994,23.10949492278109
1,8192,128,56,0.00036365,23.067806957239107
1,8192,128,60,0.000354156,23.686194784219385
1,8192,128,64,0.000244729,34.277131030650224
1,8192,132,8,0.000737338,12.477143453884109
1,8192,132,12,0.000576575,15.956071629883365
1,8192,132,16,0.00053571,17.173231785854288
1,8192,132,20,0.000484922,18.97185939181972
1,8192,132,24,0.000470378,19.55846574457139
1,8192,132,28,0.000302453,30.41752602883754
1,8192,132,32,0.000441697,20.82846838443548
1,8192,132,36,0.000418713,21.97178496965702
1,8192,132,40,0.00042415,21.690137922904636
1,8192,132,44,0.000420143,21.89700173512352
1,8192,132,48,0.000393959,23.352359001825064
1,8192,132,52,0.000505439,18.20174541339311
1,8192,132,56,0.000335785,27.398102952782285
1,8192,132,60,0.000425623,21.61507249373272
1,8192,132,64,0.0004092,22.48258064516129
1,8192,136,8,0.000784234,12.830129782692412
1,8192,136,12,0.000820282,12.266298663142676
1,8192,136,16,0.00066326,15.17025600820191
1,8192,136,20,0.000489677,20.547879520581937
1,8192,136,24,0.000584971,17.200551822227084
1,8192,136,28,0.000522645,19.25173683858068
1,8192,136,32,0.000463126,21.72588885098224
1,8192,136,36,0.000444716,22.62527995394814
1,8192,136,40,0.000444495,22.636529094815465
1,8192,136,44,0.000446811,22.519194916866415
1,8192,136,48,0.000421664,23.862184108674207
1,8192,136,52,0.000422601,23.80927636233705
1,8192,136,56,0.00039281,25.614989435095847
1,8192,136,60,0.000353592,28.45602841693251
1,8192,136,64,0.000334728,30.05970220597022
1,8192,136,68,0.000397615,25.305443708109603
1,8192,140,8,0.000886194,12.38554989088168
1,8192,140,12,0.000693935,15.817043383025789
1,8192,140,16,0.000612974,17.906142838032284
1,8192,140,20,0.000576935,19.0246734900812
1,8192,140,24,0.000539471,20.34585733060721
1,8192,140,28,0.000494128,22.21286792086261
1,8192,140,32,0.000478613,22.932933288481507
1,8192,140,36,0.000483063,22.721673984552737
1,8192,140,40,0.000401438,27.341706564899187
1,8192,140,44,0.000377608,29.067180780068224
1,8192,140,48,0.000325067,33.765346836190695
1,8192,140,52,0.000323571,33.9214577326151
1,8192,140,56,0.000330341,33.22627224595191
1,8192,140,60,0.000516078,21.268102883672626
1,8192,140,64,0.000567213,19.35075535997941
1,8192,140,68,0.000331073,33.15280919917964
1,8192,144,8,0.000608396,19.63184504829092
1,8192,144,12,0.000501784,23.802943099022684
1,8192,144,16,0.000439867,27.15351685850496
1,8192,144,20,0.000420693,28.39109754619164
1,8192,144,24,0.000387753,30.80294930019884
1,8192,144,28,0.000386497,30.903049700256403
1,8192,144,32,0.000369232,32.348052173159424
1,8192,144,36,0.000353561,33.78182548414559
1,8192,144,40,0.000354372,33.70451390064678
1,8192,144,44,0.000358862,33.282810662594535
1,8192,144,48,0.000341104,35.01552605656926
1,8192,144,52,0.000345942,34.5258338102919
1,8192,144,56,0.000385997,30.943079868496387
1,8192,144,60,0.000448092,26.655097613882862
1,8192,144,64,0.000456607,26.15802210653801
1,8192,144,68,0.000641668,18.61388755555833
1,8192,144,72,0.00044151,27.05246993273085
1,8192,148,8,0.00120877,10.727572656502064
1,8192,148,12,0.000854845,15.169028303376637
1,8192,148,16,0.000670077,19.351758081533912
1,8192,148,20,0.000694931,18.65964822406829
1,8192,148,24,0.000703015,18.44508011920087
1,8192,148,28,0.000679213,19.091460263569747
1,8192,148,32,0.000652647,19.868578266658695
1,8192,148,36,0.000830609,15.611639170777105
1,8192,148,40,0.000612212,21.180845850783715
1,8192,148,44,0.00062198,20.848207337856525
1,8192,148,48,0.000614148,21.11407673720341
1,8192,148,52,0.000599808,21.618864703371745
1,8192,148,56,0.000602407,21.525593162098048
1,8192,148,60,0.000605194,21.426464902163605
1,8192,148,64,0.000614348,21.107203083594317
1,8192,148,68,0.000601822,21.54651707647776
1,8192,148,72,0.000612505,21.170713708459527
1,8192,152,8,0.00108138,12.990097837947808
1,8192,152,12,0.0008933,15.725100190305607
1,8192,152,16,0.000806102,17.426122252518912
1,8192,152,20,0.000683363,20.556032445420666
1,8192,152,24,0.000649443,21.62966110959699
1,8192,152,28,0.000712191,19.72396730652311
1,8192,152,32,0.000664998,21.12372067284413
1,8192,152,36,0.000695889,20.18602392048157
1,8192,152,40,0.000803891,17.474050586460102
1,8192,152,44,0.00159166,8.825523038839954
1,8192,152,48,0.000667093,21.057381804336128
1,8192,152,52,0.000500064,28.090868368848785
1,8192,152,56,0.000632103,22.2230111231872
1,8192,152,60,0.000643163,21.84085838271169
1,8192,152,64,0.000647002,21.71126518928844
1,8192,152,68,0.000652613,21.52459727280946
1,8192,152,72,0.000651027,21.57703443943185
1,8192,152,76,0.00063243,22.21152064260076
1,8192,156,8,0.00118304,12.836137408709764
1,8192,156,12,0.000976086,15.55771110332491
1,8192,156,16,0.00133592,11.367195640457512
1,8192,156,20,0.000820028,18.51847010102094
1,8192,156,24,0.00077586,19.572685793828786
1,8192,156,28,0.000752338,20.184629780763437
1,8192,156,32,0.000804442,18.87726399168616
1,8192,156,36,0.000729613,20.813313359274023
1,8192,156,40,0.000708814,21.424046364772707
1,8192,156,44,0.000709482,21.40387493974477
1,8192,156,48,0.000717542,21.16344966566417
1,8192,156,52,0.000577934,26.275775434565197
1,8192,156,56,0.000783515,19.38145919350619
1,8192,156,60,0.000683223,22.226511695303
1,8192,156,64,0.000700946,21.664527652629445
1,8192,156,68,0.000859115,17.675938611245293
1,8192,156,72,0.000652071,23.28835970316116
1,8192,156,76,0.000617369,24.59738665206708
1,8192,160,8,0.00157661,10.391916834220256
1,8192,160,12,0.00143449,11.421480805024782
1,8192,160,16,0.00121923,13.437989550782053
1,8192,160,20,0.00120303,13.618945495956044
1,8192,160,24,0.00083025,19.733815115928937
1,8192,160,28,0.00101207,16.188603555090065
1,8192,160,32,0.000978378,16.746083824452306
1,8192,160,36,0.00108111,15.154794609244204
1,8192,160,40,0.00114754,14.277497952141102
1,8192,160,44,0.000960112,17.064675787824754
1,8192,160,48,0.00112558,14.55605110254269
1,8192,160,52,0.000906003,18.083825329496705
1,8192,160,56,0.00100315,16.332552459751785
1,8192,160,60,0.000949083,17.262979107201375
1,8192,160,64,0.00103912,15.767187620294097
1,8192,160,68,0.00100967,16.227084096784097
1,8192,160,72,0.000847364,19.335256159100457
1,8192,160,76,0.00090911,18.02202153754771
1,8192,160,80,0.000942331,17.386671986807183
1,8192,164,8,0.00191313,9.222465802114858
1,8192,164,12,0.00155089,11.376548949312976
1,8192,164,16,0.00116866,15.09744151421286
1,8192,164,20,0.001138,15.50419683655536
1,8192,164,24,0.000924711,19.08031374126619
1,8192,164,28,0.002202,8.012613987284288
1,8192,164,32,0.000831803,21.21148396916097
1,8192,164,36,0.000825579,21.371396317009037
1,8192,164,40,0.000822784,21.443995021779717
1,8192,164,44,0.000788962,22.36327731880623
1,8192,164,48,0.000803172,21.967618393071472
1,8192,164,52,0.000816743,21.602604491253672
1,8192,164,56,0.000766078,23.031304906288916
1,8192,164,60,0.000766192,23.02787812976382
1,8192,164,64,0.000759527,23.229952325592112
1,8192,164,68,0.000788717,22.37022404740864
1,8192,164,72,0.000771394,22.87258651221036
1,8192,164,76,0.000812841,21.706306645457108
1,8192,164,80,0.000816595,21.606519755815302
1,8192,168,8,0.00204167,9.289712833121904
1,8192,168,12,0.00118959,15.943752049025296
1,8192,168,16,0.00104454,18.157780458383595
1,8192,168,20,0.000972418,19.504501150739703
1,8192,168,24,0.00109837,17.26788604932764
1,8192,168,28,0.000891944,21.264258742701337
1,8192,168,32,0.000889321,21.326976423586085
1,8192,168,36,0.00100161,18.93604097403181
1,8192,168,40,0.00161603,11.736494990810812
1,8192,168,44,0.00113712,16.679442802870412
1,8192,168,48,0.000683534,27.747746271582688
1,8192,168,52,0.000835072,22.71244635193133
1,8192,168,56,0.000803608,23.60171625966889
1,8192,168,60,0.000516124,36.748006293061366
1,8192,168,64,0.000514386,36.87216992686426
1,8192,168,68,0.000518236,36.59824481510354
1,8192,168,72,0.000520871,36.41310036458164
1,8192,168,76,0.000672569,28.200122217943434
1,8192,168,80,0.00052606,36.05392540774817
1,8192,168,84,0.000504925,37.5630598603753
1,8192,172,8,0.00102779,19.803454012979305
1,8192,172,12,0.000849496,23.95984442540047
1,8192,172,16,0.000741695,27.442266699923824
1,8192,172,20,0.000837389,24.30625670984453
1,8192,172,24,0.000670342,30.36329515381701
1,8192,172,28,0.000667674,30.48462573052118
1,8192,172,32,0.000689607,29.515060026942884
1,8192,172,36,0.000716841,28.39373305935347
1,8192,172,40,0.000842339,24.16342114041971
1,8192,172,44,0.000646549,31.48066426519877
1,8192,172,48,0.00152791,13.321329135878422
1,8192,172,52,0.000798576,25.487607942137004
1,8192,172,56,0.000628566,32.3813123840615
1,8192,172,60,0.000747639,27.224090771080697
1,8192,172,64,0.000611447,33.28790884573806
1,8192,172,68,0.000788878,25.800937534067373
1,8192,172,72,0.000635895,32.008101966519625
1,8192,172,76,0.000580025,35.09123227447093
1,8192,172,80,0.000696306,29.231102417615244
1,8192,172,84,0.000590349,34.477558190155314
1,8192,176,8,0.00123122,17.711785058722242
1,8192,176,12,0.00112002,19.47028088784129
1,8192,176,16,0.000929543,23.460027131611984
1,8192,176,20,0.000820486,26.57827677742216
1,8192,176,24,0.000904084,24.12066135447591
1,8192,176,28,0.000782895,27.854442805229308
1,8192,176,32,0.000646126,33.750544011539546
1,8192,176,36,0.000652239,33.43422273123809
1,8192,176,40,0.000869731,25.073389358318835
1,8192,176,44,0.000757386,28.79258924775478
1,8192,176,48,0.000740623,29.44427056680659
1,8192,176,52,0.000749478,29.096389753935405
1,8192,176,56,0.000620356,35.15256401163204
1,8192,176,60,0.000759343,28.71838418211533
1,8192,176,64,0.000756008,28.84507042253521
1,8192,176,68,0.000770578,28.29967115593749
1,8192,176,72,0.000656221,33.231341270699964
1,8192,176,76,0.00083541,26.103474940448404
1,8192,176,80,0.000751673,29.01142385053075
1,8192,176,84,0.000741104,29.4251603013882
1,8192,176,88,0.000753889,28.9261469526681
1,8192,180,8,0.00119949,19.448265512842955
1,8192,180,12,0.000969087,24.072142129654
1,8192,180,16,0.00100609,23.186792434076477
1,8192,180,20,0.000932147,25.026095669459856
1,8192,180,24,0.000767534,30.393441854041647
1,8192,180,28,0.000755518,30.876828877670683
1,8192,180,32,0.000757229,30.807061007964567
1,8192,180,36,0.00079801,29.232716382000223
1,8192,180,40,0.000871825,26.757663521922407
1,8192,180,44,0.000765645,30.46842857982485
1,8192,180,48,0.000790612,29.506255913140706
1,8192,180,52,0.000901063,25.88942171635058
1,8192,180,56,0.0011122,20.97464484804891
1,8192,180,60,0.000756632,30.831368485604624
1,8192,180,64,0.000652341,35.76043817573938
1,8192,180,68,0.000868608,26.85676392572944
1,8192,180,72,0.000808951,28.83734614333872
1,8192,180,76,0.000886446,26.316323836984992
1,8192,180,80,0.000753439,30.96202877737946
1,8192,180,84,0.000830348,28.094244822652676
1,8192,180,88,0.000779824,29.914442233119267
1,8192,184,8,0.00137311,18.147137519936493
1,8192,184,12,0.00126671,19.67144492425259
1,8192,184,16,0.00104085,23.940064370466445
1,8192,184,20,0.00106568,23.382268598453567
1,8192,184,24,0.00102309,24.3556441759767
1,8192,184,28,0.0010488,23.758596491228072
1,8192,184,32,0.00091568,27.212580814258256
1,8192,184,36,0.000911689,27.33170631651802
1,8192,184,40,0.000701434,35.524391460921485
1,8192,184,44,0.000803814,30.999728792979468
1,8192,184,48,0.000970531,25.67462141858426
1,8192,184,52,0.000848416,29.370044883641988
1,8192,184,56,0.00161394,15.439245572945712
1,8192,184,60,0.000894707,27.85047618941173
1,8192,184,64,0.00086631,28.76339416606065
1,8192,184,68,0.000837717,29.74514782438461
1,8192,184,72,0.00067727,36.79184963160925
1,8192,184,76,0.000848464,29.368383337419147
1,8192,184,80,0.000844292,29.513504806394
1,8192,184,84,0.000767857,32.45137571188385
1,8192,184,88,0.000770026,32.35996706604712
1,8192,184,92,0.000903524,27.57869851824633
1,8192,188,8,0.00136771,19.43298506262293
1,8192,188,12,0.00122197,21.750687823759996
1,8192,188,16,0.00120662,22.02738890454327
1,8192,188,20,0.00101244,26.252111730077832
1,8192,188,24,0.00105983,25.07825594670843
1,8192,188,28,0.00103801,25.60542576661111
1,8192,188,32,0.00100457,26.457775963845226
1,8192,188,36,0.000989431,26.862598806788952
1,8192,188,40,0.000747886,35.5384216311042
1,8192,188,44,0.000857752,30.98644829740997
1,8192,188,48,0.000850334,31.256762636799188
1,8192,188,52,0.000882871,30.10483751306816
1,8192,188,56,0.000970415,27.38899130784252
1,8192,188,60,0.000912072,29.14099764053715
1,8192,188,64,0.00122506,21.695825510587238
1,8192,188,68,0.000894476,29.71425504988396
1,8192,188,72,0.00070961,37.45534589422358
1,8192,188,76,0.000783885,33.90636126472633
1,8192,188,80,0.00087049,30.53301933393836
1,8192,188,84,0.000989912,26.84954622229047
1,8192,188,88,0.000747466,35.55839061576045
1,8192,188,92,0.000866013,30.69086491773218
1,8192,192,8,0.00163364,17.330349403785412
1,8192,192,12,0.00116276,24.34857752244659
1,8192,192,16,0.000996733,28.40434900820982
1,8192,192,20,0.00117175,24.16176829528483
1,8192,192,24,0.000958899,29.52506155497085
1,8192,192,28,0.000990082,28.595158784827923
1,8192,192,32,0.000829575,34.12777868185516
1,8192,192,36,0.000928821,30.48117129134677
1,8192,192,40,0.000874624,32.369969266793504
1,8192,192,44,0.000893267,31.6943892475598
1,8192,192,48,0.000969474,29.20300286547138
1,8192,192,52,0.00080526,35.158274346173904
1,8192,192,56,0.000908105,31.176518133916236
1,8192,192,60,0.000926422,30.560103279067206
1,8192,192,64,0.000749947,37.75140376586612
1,8192,192,68,0.00108305,26.14057707400397
1,8192,192,72,0.00095127,29.761846794285532
1,8192,192,76,0.000867008,32.654314608400384
1,8192,192,80,0.000875786,32.327020527845846
1,8192,192,84,0.00095533,29.63536369631436
1,8192,192,88,0.000779344,36.32741382496048
1,8192,192,92,0.000775823,36.4922823891532
1,8192,192,96,0.000737759,38.37506828110535
1,8192,196,8,0.00152998,19.685318762336763
1,8192,196,12,0.00124863,24.120951763132396
1,8192,196,16,0.00110292,27.307641533384107
1,8192,196,20,0.00118564,25.4024358152559
1,8192,196,24,0.00163015,18.47568874029997
1,8192,196,28,0.00115471,26.082864095746988
1,8192,196,32,0.00116605,25.82920457956348
1,8192,196,36,0.00107961,27.89724437528367
1,8192,196,40,0.000906603,33.22087396578216
1,8192,196,44,0.000899691,33.476097904725066
1,8192,196,48,0.000908032,33.16859317733296
1,8192,196,52,0.000838497,35.91920305021962
1,8192,196,56,0.00104936,28.7014408782496
1,8192,196,60,0.000831317,36.22943353738706
1,8192,196,64,0.000849788,35.441950227586176
1,8192,196,68,0.000811278,37.12431990020684
1,8192,196,72,0.000899175,33.495308477215225
1,8192,196,76,0.000845677,35.61424042512685
1,8192,196,80,0.000851993,35.35022470841897
1,8192,196,84,0.000799814,37.65643512116567
1,8192,196,88,0.00084412,35.679931763256405
1,8192,196,92,0.0010489,28.714028029364098
1,8192,196,96,0.00106774,28.207376327570383
1,8192,200,8,0.00182347,17.548958853175538
1,8192,200,12,0.00143125,22.35807860262009
1,8192,200,16,0.00118708,26.956902651885297
1,8192,200,20,0.00112051,28.55842428893986
1,8192,200,24,0.00141425,22.626834010959872
1,8192,200,28,0.00128308,24.939988153505627
1,8192,200,32,0.00127434,25.11103787058399
1,8192,200,36,0.00093881,34.085704242605
1,8192,200,40,0.000898447,35.617014693131594
1,8192,200,44,0.0011325,28.2560706401766
1,8192,200,48,0.00102804,31.12719349441656
1,8192,200,52,0.000972196,32.91517348353624
1,8192,200,56,0.00111511,28.696720502910026
1,8192,200,60,0.00109896,29.118439251656117
1,8192,200,64,0.00113919,28.09013421817256
1,8192,200,68,0.00157127,20.36569144704602
1,8192,200,72,0.000974955,32.822027683328976
1,8192,200,76,0.00114994,27.827538828112772
1,8192,200,80,0.000975064,32.81835858979513
1,8192,200,84,0.000865983,36.95222654486289
1,8192,200,88,0.000934346,34.248554603968984
1,8192,200,92,0.000873836,36.62014382561488
1,8192,200,96,0.00111084,28.80702891505527
1,8192,200,100,0.00111808,28.62049227246709
1,8192,204,8,0.00203319,16.702155725731487
1,8192,204,12,0.00164429,20.65247371205809
1,8192,204,16,0.00144281,23.53647119163299
1,8192,204,20,0.00142752,23.788567585743102
1,8192,204,24,0.00141375,24.020269496021218
1,8192,204,28,0.00130916,25.939270982920345
1,8192,204,32,0.00128366,26.45455650250066
1,8192,204,36,0.00124365,27.305637438185983
1,8192,204,40,0.00124794,27.21176979662484
1,8192,204,44,0.00116215,29.220544680118746
1,8192,204,48,0.00139958,24.26346189571157
1,8192,204,52,0.0011568,29.355684647302905
1,8192,204,56,0.00112329,30.231423764121462
1,8192,204,60,0.00139821,24.287235822945053
1,8192,204,64,0.00116536,29.14005629161804
1,8192,204,68,0.00116197,29.22507121526373
1,8192,204,72,0.000993904,34.16693765192614
1,8192,204,76,0.00114395,29.68543730058132
1,8192,204,80,0.000903887,37.56958115339639
1,8192,204,84,0.000963258,35.25395688382552
1,8192,204,88,0.00150204,22.60835663497643
1,8192,204,92,0.00119132,28.50506664875936
1,8192,204,96,0.00117651,28.863890659662903
1,8192,204,100,0.00118248,28.718165212096608
1,8192,208,8,0.00224128,16.060308395202743
1,8192,208,12,0.00167931,21.434784524596413
1,8192,208,16,0.00177924,20.230912074818463
1,8192,208,20,0.00152532,23.59875173734036
1,8192,208,24,0.00157519,22.851622978815254
1,8192,208,28,0.00144012,24.99489486987196
1,8192,208,32,0.00135135,26.63680615680616
1,8192,208,36,0.00122864,29.297148066154445
1,8192,208,40,0.00132895,27.085780503404944
1,8192,208,44,0.000986991,36.47008736655147
1,8192,208,48,0.00124206,28.980603191472238
1,8192,208,52,0.0011968,30.076577540106957
1,8192,208,56,0.00122511,29.381564104447765
1,8192,208,60,0.00122795,29.313610489026424
1,8192,208,64,0.00128184,28.08123322723585
1,8192,208,68,0.000985621,36.52078029993274
1,8192,208,72,0.00111196,32.37135148746358
1,8192,208,76,0.00127321,28.271571853818298
1,8192,208,80,0.0012997,27.69535123490036
1,8192,208,84,0.00116466,30.90657187505366
1,8192,208,88,0.000968035,37.18424230528855
1,8192,208,92,0.00129341,27.83003687925716
1,8192,208,96,0.00123562,29.13164888881695
1,8192,208,100,0.00124086,29.008629498895925
1,8192,208,104,0.00120921,29.76790466502923
1,8192,212,8,0.00205142,18.57860018913728
1,8192,212,12,0.00181875,20.95533305841924
1,8192,212,16,0.00228696,16.665141497883653
1,8192,212,20,0.00160862,23.69267570961445
1,8192,212,24,0.00149587,25.478492114956516
1,8192,212,28,0.00149198,25.54492151369321
1,8192,212,32,0.00131858,28.90420907339714
1,8192,212,36,0.00199189,19.1338437363509
1,8192,212,40,0.00115877,32.89048905304763
1,8192,212,44,0.00160574,23.735170077347515
1,8192,212,48,0.00108168,35.23455365727387
1,8192,212,52,0.0012105,31.48493349855432
1,8192,212,56,0.00182594,20.872817288629417
1,8192,212,60,0.00128117,29.748208278370548
1,8192,212,64,0.00130387,29.230300566774297
1,8192,212,68,0.00131257,29.03655576464493
1,8192,212,72,0.00125974,30.254268341086256
1,8192,212,76,0.00151866,25.096145285975798
1,8192,212,80,0.0014899,25.580583931807507
1,8192,212,84,0.00175672,21.69526845484767
1,8192,212,88,0.00108434,35.14811959348543
1,8192,212,92,0.00131444,28.995246644959067
1,8192,212,96,0.00128387,29.68564730073917
1,8192,212,100,0.00131321,29.02240464206029
1,8192,212,104,0.00138293,27.559248841228406
1,8192,216,8,0.00233465,17.266307155248107
1,8192,216,12,0.00192011,20.99399721890933
1,8192,216,16,0.00177403,22.72271833058065
1,8192,216,20,0.00151745,26.564818610168373
1,8192,216,24,0.00151666,26.578655730354857
1,8192,216,28,0.00183256,21.99697908936133
1,8192,216,32,0.00134826,29.89837568421521
1,8192,216,36,0.00142091,28.369695476842303
1,8192,216,40,0.00131949,30.55027624309392
1,8192,216,44,0.00125556,32.105820510369874
1,8192,216,48,0.00174636,23.08274582560297
1,8192,216,52,0.00134244,30.02799678197908
1,8192,216,56,0.00130089,30.98708115213431
1,8192,216,60,0.00109195,36.91632767068089
1,8192,216,64,0.00133616,30.16912944557538
1,8192,216,68,0.00141201,28.5485116960928
1,8192,216,72,0.00122619,32.8748269028454
1,8192,216,76,0.0013231,30.466921623460056
1,8192,216,80,0.00125027,32.24166300079183
1,8192,216,84,0.00133584,30.17635644987424
1,8192,216,88,0.00141756,28.43673918564293
1,8192,216,92,0.00131836,30.57646166449225
1,8192,216,96,0.00130828,30.81204635093405
1,8192,216,100,0.00134689,29.928787057591936
1,8192,216,104,0.00135558,29.73692736688355
1,8192,216,108,0.00128099,31.4684611121086
1,8192,220,8,0.00261524,16.286076994845597
1,8192,220,12,0.00206835,20.59225953054367
1,8192,220,16,0.00159339,26.730430089306445
1,8192,220,20,0.00146064,29.159820352722097
1,8192,220,24,0.00160514,26.534757092839257
1,8192,220,28,0.00152038,28.014049119299123
1,8192,220,32,0.00158439,26.88227014813272
1,8192,220,36,0.00129764,32.82266267994205
1,8192,220,40,0.00124449,34.22446142596566
1,8192,220,44,0.0013132,32.43374961925068
1,8192,220,48,0.00124115,34.31656125367603
1,8192,220,52,0.00150069,28.38161112554891
1,8192,220,56,0.00128223,33.21712953214322
1,8192,220,60,0.00122239,34.84321697657867
1,8192,220,64,0.0013187,32.29847577159324
1,8192,220,68,0.00134133,31.753558035681003
1,8192,220,72,0.00147321,28.911017438111337
1,8192,220,76,0.00133444,31.91750846797158
1,8192,220,80,0.00136201,31.27142972518557
1,8192,220,84,0.00129476,32.8956717847323
1,8192,220,88,0.0012762,33.37407929791569
1,8192,220,92,0.00147725,28.831951260788628
1,8192,220,96,0.00114319,37.25714885539587
1,8192,220,100,0.00141718,30.05405100269549
1,8192,220,104,0.00153451,27.756091521071877
1,8192,220,108,0.00145322,29.308707559763832
1,8192,224,8,0.00257055,17.489524031821983
1,8192,224,12,0.00205805,21.84480260440709
1,8192,224,16,0.00186008,24.16976474130145
1,8192,224,20,0.00183694,24.47423214694002
1,8192,224,24,0.00168677,26.65312757518808
1,8192,224,28,0.00157319,28.57741023016928
1,8192,224,32,0.00154373,29.12277146910405
1,8192,224,36,0.00150762,29.82031015773205
1,8192,224,40,0.00148658,30.24236569844879
1,8192,224,44,0.00147751,30.42801470040812
1,8192,224,48,0.00144525,31.10721051721156
1,8192,224,52,0.00135775,33.11191014546124
1,8192,224,56,0.00137356,32.730784239494454
1,8192,224,60,0.00204446,21.99001007601029
1,8192,224,64,0.00133133,33.769009937430994
1,8192,224,68,0.00147263,30.52884702878524
1,8192,224,72,0.00130345,34.4913084506502
1,8192,224,76,0.00139496,32.22866318747491
1,8192,224,80,0.00133676,33.63183817588797
1,8192,224,84,0.00134136,33.51650265402278
1,8192,224,88,0.00117402,38.29380760123337
1,8192,224,92,0.00141413,31.79177020500237
1,8192,224,96,0.00139735,32.173539914838805
1,8192,224,100,0.00181656,24.74880873739375
1,8192,224,104,0.00150368,29.89844647797404
1,8192,224,108,0.00163098,27.564835865553228
1,8192,224,112,0.0012667,35.49198389516065
1,8192,228,8,0.00249647,18.990577895989137
1,8192,228,12,0.00229261,20.67922934995485
1,8192,228,16,0.00230027,20.610366609137188
1,8192,228,20,0.00230498,20.568251351421708
1,8192,228,24,0.00175127,27.07144415195829
1,8192,228,28,0.00180236,26.304072438358595
1,8192,228,32,0.00167187,28.357113890434068
1,8192,228,36,0.00137385,34.50843105142483
1,8192,228,40,0.0015196,31.19861016056857
1,8192,228,44,0.00158187,29.970483035900543
1,8192,228,48,0.00134432,35.26646036657938
1,8192,228,52,0.00146182,32.43176861720321
1,8192,228,56,0.00151178,31.359991533159587
1,8192,228,60,0.00163555,28.986828895478588
1,8192,228,64,0.0014525,32.6398678141136
1,8192,228,68,0.00152744,31.03847483370869
1,8192,228,72,0.00144294,32.8561187575367
1,8192,228,76,0.00137282,34.53432205241765
1,8192,228,80,0.00151788,31.233963159143013
1,8192,228,84,0.00149696,31.670457460453186
1,8192,228,88,0.00132061,35.89962820211871
1,8192,228,92,0.00142886,33.17988326358076
1,8192,228,96,0.00143673,32.99813326094673
1,8192,228,100,0.00188982,25.086732069720927
1,8192,228,104,0.00144135,32.892363409303776
1,8192,228,108,0.00185506,25.556805709788364
1,8192,228,112,0.00160924,29.46074420223211
1,8192,232,8,0.00253168,19.729457119383174
1,8192,232,12,0.00219514,22.75420793206812
1,8192,232,16,0.00181786,27.476632964034632
1,8192,232,20,0.00185116,26.98236349100024
1,8192,232,24,0.00156425,31.93138692664216
1,8192,232,28,0.00171455,29.13223411390744
1,8192,232,32,0.00148295,33.681966350854715
1,8192,232,36,0.00169891,29.400422623917688
1,8192,232,40,0.00149934,33.3137727266664
1,8192,232,44,0.00168745,29.60009007674301
1,8192,232,48,0.00139269,35.8648888122985
1,8192,232,52,0.00160762,31.069949366143742
1,8192,232,56,0.00163324,30.582567167103427
1,8192,232,60,0.00152402,32.774289051324786
1,8192,232,64,0.00166983,29.912429408981755
1,8192,232,68,0.00155184,32.18674090112383
1,8192,232,72,0.00129143,38.677026242227605
1,8192,232,76,0.00127719,39.10825484070498
1,8192,232,80,0.00123495,40.44590631199644
1,8192,232,84,0.00123445,40.46228846854874
1,8192,232,88,0.00124035,40.26982061514895
1,8192,232,92,0.00124202,40.2156744657896
1,8192,232,96,0.00124821,40.01624085690709
1,8192,232,100,0.00125151,39.910725443664056
1,8192,232,104,0.00126172,39.58776273658181
1,8192,232,108,0.00129464,38.581128344559104
1,8192,232,112,0.00127753,39.09784662591093
1,8192,232,116,0.00123175,40.55098193626954
1,8192,236,8,0.00254753,20.638431735838243
1,8192,236,12,0.00206771,25.42765861750439
1,8192,236,16,0.00182599,28.793708618338545
1,8192,236,20,0.00168886,31.13166514690383
1,8192,236,24,0.00158929,33.0820831943824
1,8192,236,28,0.0015519,33.87913138733166
1,8192,236,32,0.00149757,35.10822465727812
1,8192,236,36,0.00144254,36.44753282404647
1,8192,236,40,0.00140325,37.46803776946375
1,8192,236,44,0.00139752,37.621661228461846
1,8192,236,48,0.00135894,38.68973170265059
1,8192,236,52,0.00136412,38.54281441515409
1,8192,236,56,0.00137126,38.34212621968117
1,8192,236,60,0.00133016,39.52684188368317
1,8192,236,64,0.00133256,39.45565227832142
1,8192,236,68,0.00133653,39.33845405639978
1,8192,236,72,0.0013433,39.1401950420606
1,8192,236,76,0.00135144,38.90444562836678
1,8192,236,80,0.00131707,39.91968839924985
1,8192,236,84,0.00130968,40.14493922179464
1,8192,236,88,0.00131552,39.96672342495744
1,8192,236,92,0.00131962,39.84254861247935
1,8192,236,96,0.00131693,39.9239321755902
1,8192,236,100,0.00132809,39.58844957796535
1,8192,236,104,0.00133715,39.32021388774632
1,8192,236,108,0.0013446,39.10235311616837
1,8192,236,112,0.00135569,38.78248272097603
1,8192,236,116,0.00135104,38.91596399810516
1,8192,240,8,0.00266072,20.782344628521603
1,8192,240,12,0.00215299,25.68335198955871
1,8192,240,16,0.00190074,29.09182739354146
1,8192,240,20,0.00174114,31.758503049726045
1,8192,240,24,0.00163851,33.74773422194555
1,8192,240,28,0.00159081,34.75965074396063
1,8192,240,32,0.00154408,35.81161597844672
1,8192,240,36,0.00150072,36.84631376939069
1,8192,240,40,0.00145522,37.9983782520856
1,8192,240,44,0.0014495,38.148327009313554
1,8192,240,48,0.001406,39.32859174964439
1,8192,240,52,0.00141189,39.16452414848182
1,8192,240,56,0.00142563,38.78706256181477
1,8192,240,60,0.00136973,40.36999992699291
1,8192,240,64,0.00137349,40.25948496166699
1,8192,240,68,0.00137871,40.10705659638357
1,8192,240,72,0.00138746,39.85412192063194
1,8192,240,76,0.00139322,39.689352722470254
1,8192,240,80,0.00156077,35.42866661968132
1,8192,240,84,0.00135019,40.95423607047896
1,8192,240,88,0.001358,40.71870397643593
1,8192,240,92,0.00136134,40.618802062673545
1,8192,240,96,0.00136421,40.533348971199445
1,8192,240,100,0.001369,40.39152666179694
1,8192,240,104,0.00138059,40.05244134753983
1,8192,240,108,0.00138532,39.91568735021511
1,8192,240,112,0.00138762,39.849526527435465
1,8192,240,116,0.0014045,39.37059451762193
1,8192,240,120,0.00136831,40.41189496532219
1,8192,244,8,0.00279934,20.7574413969007
1,8192,244,12,0.00233229,24.91419849161125
1,8192,244,16,0.00206756,28.104207858538565
1,8192,244,20,0.00189562,30.65336723604942
1,8192,244,24,0.00179047,32.453565823498856
1,8192,244,28,0.00167283,34.735828506184134
1,8192,244,32,0.00163289,35.58545646063115
1,8192,244,36,0.00161871,35.8971872664035
1,8192,244,40,0.00158575,36.643314519943246
1,8192,244,44,0.00153874,37.7628033325968
1,8192,244,48,0.00154009,37.72970151095066
1,8192,244,52,0.00150133,38.70377332098872
1,8192,244,56,0.0015048,38.61452418926103
1,8192,244,60,0.00152154,38.18968676472521
1,8192,244,64,0.00145435,39.954024822085465
1,8192,244,68,0.00147306,39.44655071755393
1,8192,244,72,0.00147529,39.386924604654
1,8192,244,76,0.00147865,39.2974240016231
1,8192,244,80,0.001487,39.07675588433087
1,8192,244,84,0.00144026,40.344893283157205
1,8192,244,88,0.00144657,40.168907138956286
1,8192,244,92,0.00144708,40.15475025568732
1,8192,244,96,0.00145383,39.96831541514483
1,8192,244,100,0.00145625,39.90189596566524
1,8192,244,104,0.00147022,39.52274897634368
1,8192,244,108,0.00148488,39.13254673778352
1,8192,244,112,0.00150844,38.52134390496142
1,8192,244,116,0.00152364,38.13705074689559
1,8192,244,120,0.00154632,37.577691551554665
1,8192,248,8,0.0039219,15.556737295698516
1,8192,248,12,0.00314337,19.40973159379901
1,8192,248,16,0.00281844,21.647424816565188
1,8192,248,20,0.0022676,26.905965778796965
1,8192,248,24,0.00208049,29.32576844877889
1,8192,248,28,0.0019239,31.712650345652055
1,8192,248,32,0.00185694,32.85618706043275
1,8192,248,36,0.0018582,32.83390808309117
1,8192,248,40,0.00183292,33.2867599240556
1,8192,248,44,0.00159121,38.34312755701636
1,8192,248,48,0.00159456,38.26257274734096
1,8192,248,52,0.00156242,39.04965886253377
1,8192,248,56,0.00156066,39.09369625671191
1,8192,248,60,0.001908,31.97692243186583
1,8192,248,64,0.00156272,39.0421623835364
1,8192,248,68,0.00151585,40.24934393244715
1,8192,248,72,0.0015368,39.70065590838105
1,8192,248,76,0.00155049,39.3501202845552
1,8192,248,80,0.00164517,37.08550970416431
1,8192,248,84,0.00171532,35.568854790942794
1,8192,248,88,0.00193097,31.59653852726868
1,8192,248,92,0.00165987,36.75707615656648
1,8192,248,96,0.00167306,36.46729226686431
1,8192,248,100,0.00159375,38.282019137254906
1,8192,248,104,0.00169907,35.90903729687417
1,8192,248,108,0.00177112,34.44824066127648
1,8192,248,112,0.00167676,36.38682220472816
1,8192,248,116,0.00153735,39.68645266204833
1,8192,248,120,0.00180407,33.81906910485735
1,8192,248,124,0.0017577,34.711252204585534
1,8192,252,8,0.00332729,19.238488980521687
1,8192,252,12,0.00261513,24.47757166947724
1,8192,252,16,0.00318499,20.098032332911565
1,8192,252,20,0.00237704,26.92930367179349
1,8192,252,24,0.00204502,31.30142101299743
1,8192,252,28,0.00206137,31.053150089503585
1,8192,252,32,0.00214755,29.80700426066913
1,8192,252,36,0.00230511,27.76962140635371
1,8192,252,40,0.00200654,31.90169744934066
1,8192,252,44,0.00182816,35.01445825310695
1,8192,252,48,0.00169461,37.77390195974295
1,8192,252,52,0.00187858,34.074690457686124
1,8192,252,56,0.00188083,34.03392757452826
1,8192,252,60,0.0020683,30.94910409515061
1,8192,252,64,0.0019018,33.6586560100957
1,8192,252,68,0.00192339,33.28083851948902
1,8192,252,72,0.00226072,28.31488729254397
1,8192,252,76,0.00178595,35.84200677510569
1,8192,252,80,0.00195518,32.73971296760401
1,8192,252,84,0.00167144,38.29753505958934
1,8192,252,88,0.00190879,33.535397817465515
1,8192,252,92,0.00184138,34.76307551944737
1,8192,252,96,0.00190343,33.6298324603479
1,8192,252,100,0.00197525,32.40705328439438
1,8192,252,104,0.00232038,27.586874563649054
1,8192,252,108,0.00175364,36.50237905157272
1,8192,252,112,0.0025326,25.27522388059701
1,8192,252,116,0.00188231,34.007167788515176
1,8192,252,120,0.00188874,33.89139426284189
1,8192,252,124,0.00190635,33.578320874970494
1,8192,256,8,0.0035062,19.140055900975412
1,8192,256,12,0.00301097,22.288121103830328
1,8192,256,16,0.00262719,25.543970554090112
1,8192,256,20,0.00221129,30.348287198874868
1,8192,256,24,0.00234894,28.569850230316653
1,8192,256,28,0.0021892,30.654514891284485
1,8192,256,32,0.00206763,32.456901863486216
1,8192,256,36,0.00203984,32.89908228096321
1,8192,256,40,0.00199452,33.646623749072454
1,8192,256,44,0.00204477,32.819761635783
1,8192,256,48,0.00179785,37.32728759351448
1,8192,256,52,0.00175336,38.27443536980426
1,8192,256,56,0.00199868,33.57659255108371
1,8192,256,60,0.00195036,34.40844972210258
1,8192,256,64,0.00206062,32.56731663285807
1,8192,256,68,0.00179239,37.44099442643621
1,8192,256,72,0.00201086,33.373215440159925
1,8192,256,76,0.00191469,35.04946701554821
1,8192,256,80,0.00226734,29.59805940000176
1,8192,256,84,0.00190558,35.217027886522736
1,8192,256,88,0.0020006,33.54436868939318
1,8192,256,92,0.0018911,35.48668182539263
1,8192,256,96,0.00192681,34.82899922670113
1,8192,256,100,0.00184251,36.42252362266691
1,8192,256,104,0.00187202,35.84836914135532
1,8192,256,108,0.0019839,33.82673723473966
1,8192,256,112,0.00195503,34.3262579090858
1,8192,256,116,0.001947,34.46782948125321
1,8192,256,120,0.00186058,36.06878715239334
1,8192,256,124,0.00182686,36.73454123468684
1,8192,256,128,0.0018628,36.02580201846683
1,8192,260,8,0.0034278,20.509948071649458
1,8192,260,12,0.002957,23.775448089279674
1,8192,260,16,0.00251102,27.99818400490637
1,8192,260,20,0.00240467,29.236444085882887
1,8192,260,24,0.00242311,29.01395314286186
1,8192,260,28,0.00228356,30.78701676329941
1,8192,260,32,0.0020712,33.943607570490535
1,8192,260,36,0.00220559,31.875371215865144
1,8192,260,40,0.00215637,32.60293919874604
1,8192,260,44,0.0020222,34.76609633072891
1,8192,260,48,0.00209455,33.56520493662123
1,8192,260,52,0.00205636,34.1885662043611
1,8192,260,56,0.00227943,30.842798418902973
1,8192,260,60,0.00202763,34.67299260713247
1,8192,260,64,0.00185979,37.80211744336727
1,8192,260,68,0.00204954,34.30233125481816
1,8192,260,72,0.00199057,35.31852685411716
1,8192,260,76,0.0020777,33.83741637387496
1,8192,260,80,0.00183378,38.33829576066922
1,8192,260,84,0.00181133,38.81346855625424
1,8192,260,88,0.00197143,35.66142343375113
1,8192,260,92,0.00177002,39.71932520536491
1,8192,260,96,0.00184471,38.11113942028828
1,8192,260,100,0.00194077,36.22479737423806
1,8192,260,104,0.0019101,36.806449924087744
1,8192,260,108,0.00271027,25.939851011153877
1,8192,260,112,0.00205389,34.229681239014745
1,8192,260,116,0.00245931,28.586880059854185
1,8192,260,120,0.001956,35.942740286298566
1,8192,260,124,0.00201042,34.96980730394643
1,8192,260,128,0.00219745,31.993446949873714
1,8192,264,8,0.00380772,19.328883426302355
1,8192,264,12,0.0033893,21.71509633257605
1,8192,264,16,0.00346212,21.25835499636061
1,8192,264,20,0.00270886,27.169723056931694
1,8192,264,24,0.00237683,30.96518303791184
1,8192,264,28,0.00244585,30.09136946255903
1,8192,264,32,0.00233027,31.583883412651748
1,8192,264,36,0.00230107,31.98467495556415
1,8192,264,40,0.00225126,32.69234828496042
1,8192,264,44,0.00246525,29.85456890781868
1,8192,264,48,0.00194717,37.79792005834108
1,8192,264,52,0.00206857,35.57964004118787
1,8192,264,56,0.00207546,35.461524674048164
1,8192,264,60,0.00215775,34.10913034410845
1,8192,264,64,0.00212608,34.61721854304636
1,8192,264,68,0.00202455,36.35325183374083
1,8192,264,72,0.00219764,33.49000564241641
1,8192,264,76,0.00185563,39.662527551289855
1,8192,264,80,0.00203783,36.11634729099091
1,8192,264,84,0.00194814,37.77910006467708
1,8192,264,88,0.00202661,36.31629963337791
1,8192,264,92,0.00202345,36.37301440608861
1,8192,264,96,0.0019444,37.85176712610574
1,8192,264,100,0.00204074,36.06484706528024
1,8192,264,104,0.00211822,34.745671365580534
1,8192,264,108,0.00186548,39.45310375881811
1,8192,264,112,0.00273236,26.9360464946054
1,8192,264,116,0.0019754,37.25775842867267
1,8192,264,120,0.00207221,35.517141602443765
1,8192,264,124,0.00218526,33.6797342192691
1,8192,264,128,0.00269743,27.284851136081382
1,8192,264,132,0.00249574,29.48984108921602
1,8192,268,8,0.00405823,18.97263782486453
1,8192,268,12,0.00329513,23.36640071863629
1,8192,268,16,0.00300872,25.590725624185698
1,8192,268,20,0.00277692,27.72688014058741
1,8192,268,24,0.0025383,30.33342315723122
1,8192,268,28,0.00232392,33.13166029811698
1,8192,268,32,0.00238612,32.26800328566878
1,8192,268,36,0.00219392,35.0948658109685
1,8192,268,40,0.00209776,36.703592403325445
1,8192,268,44,0.00250572,30.72782593426241
1,8192,268,48,0.00225539,34.13836542682197
1,8192,268,52,0.0021649,35.56530463300845
1,8192,268,56,0.0019561,39.36165226726649
1,8192,268,60,0.00196816,39.12046175107715
1,8192,268,64,0.00200673,38.36855381640779
1,8192,268,68,0.00215703,35.69506590079878
1,8192,268,72,0.00188466,40.85369668799677
1,8192,268,76,0.00190585,40.399469003331845
1,8192,268,80,0.00191021,40.30725836426361
1,8192,268,84,0.00191441,40.21882877753459
1,8192,268,88,0.00245594,31.35065514629836
1,8192,268,92,0.00218124,35.29887953641048
1,8192,268,96,0.00191869,40.12911309278727
1,8192,268,100,0.00196563,39.170814446258966
1,8192,268,104,0.0022444,34.30552842630547
1,8192,268,108,0.00229959,33.48219813097118
1,8192,268,112,0.00224311,34.32525734359884
1,8192,268,116,0.0020544,37.4782554517134
1,8192,268,120,0.00194854,39.51436870682665
1,8192,268,124,0.00218973,35.16201906171081
1,8192,268,128,0.00228768,33.65651140019583
1,8192,268,132,0.00200033,38.491312933366
1,8192,272,8,0.00420396,19.14732585467036
1,8192,272,12,0.00341524,23.56923437298697
1,8192,272,16,0.0029855,26.96184625690839
1,8192,272,20,0.00282905,28.452870044714658
1,8192,272,24,0.00256867,31.337070156929464
1,8192,272,28,0.00247227,32.558981017445504
1,8192,272,32,0.00240913,33.41230734746568
1,8192,272,36,0.00256992,31.321827916822315
1,8192,272,40,0.00227262,35.41929227059518
1,8192,272,44,0.00218746,36.798200652811936
1,8192,272,48,0.00214013,37.61201048534434
1,8192,272,52,0.00215366,37.3757194728973
1,8192,272,56,0.00229495,35.074660450118735
1,8192,272,60,0.00216595,37.16364274336897
1,8192,272,64,0.00199459,40.35646022490838
1,8192,272,68,0.00196645,40.93396323323756
1,8192,272,72,0.00222425,36.18954344160953
1,8192,272,76,0.00220797,36.45637938921272
1,8192,272,80,0.00212823,37.82231807652368
1,8192,272,84,0.00214928,37.45188714360157
1,8192,272,88,0.00221268,36.37877686787064
1,8192,272,92,0.00208602,38.58764153747328
1,8192,272,96,0.00192778,41.75507163680503
1,8192,272,100,0.00195714,41.12868369150904
1,8192,272,104,0.00197866,40.68136617710976
1,8192,272,108,0.00197424,40.7724450927952
1,8192,272,112,0.00209377,38.444811034640864
1,8192,272,116,0.00197353,40.78711344646395
1,8192,272,120,0.00289567,27.79826154223375
1,8192,272,124,0.00231094,34.83196967467784
1,8192,272,128,0.00198908,40.468252659520985
1,8192,272,132,0.00234478,34.32927268229855
1,8192,272,136,0.00287667,27.981865142682334
1,8192,276,8,0.00410287,20.497433260132546
1,8192,276,12,0.00325029,25.87409246559538
1,8192,276,16,0.00308642,27.24784831617213
1,8192,276,20,0.00271026,31.029607491532172
1,8192,276,24,0.00280881,29.94090166298183
1,8192,276,28,0.00236108,35.61857455062937
1,8192,276,32,0.00249334,33.729176125197526
1,8192,276,36,0.00244885,34.34195806194745
1,8192,276,40,0.00253669,33.15277152509767
1,8192,276,44,0.00239102,35.17256401033868
1,8192,276,48,0.00243329,34.56156232919217
1,8192,276,52,0.00232609,36.154363760645545
1,8192,276,56,0.00210439,39.96326916588656
1,8192,276,60,0.00241738,34.789029445101725
1,8192,276,64,0.00259045,32.464747051670564
1,8192,276,68,0.00247531,33.97485729060198
1,8192,276,72,0.00237677,35.38344223462935
1,8192,276,76,0.0022987,36.5851585678862
1,8192,276,80,0.00231865,36.27037457141009
1,8192,276,84,0.00226528,37.12490464754909
1,8192,276,88,0.00233572,36.00530200537736
1,8192,276,92,0.00220693,38.10646644886789
1,8192,276,96,0.00219797,38.26180703103318
1,8192,276,100,0.00225154,37.35145900139461
1,8192,276,104,0.00249753,33.67259011903761
1,8192,276,108,0.00225,37.377024
1,8192,276,112,0.00226133,37.18975293300844
1,8192,276,116,0.00226961,37.05407713219452
1,8192,276,120,0.00211015,39.85418287799446
1,8192,276,124,0.00211815,39.70365838113448
1,8192,276,128,0.00210843,39.886694839288005
1,8192,276,132,0.00238296,35.29152986202035
1,8192,276,136,0.00213452,39.399164214905454
