size,nb,ib,threads,GFlops
8192,16,8,8,0.0
8192,24,8,8,0.0
8192,24,16,8,0.0
8192,32,8,8,0.0
8192,32,16,8,0.0
8192,32,24,8,0.0
8192,40,8,8,24.7163
8192,40,16,8,33.3249
8192,40,24,8,38.7178
8192,40,32,8,40.1983
8192,48,8,8,28.3437
8192,48,16,8,43.6397
8192,48,24,8,51.614
8192,48,32,8,44.0527
8192,48,40,8,49.5038
8192,56,8,8,33.6316
8192,56,16,8,48.0695
8192,56,24,8,58.8743
8192,56,32,8,61.0507
8192,56,40,8,63.8765
8192,56,48,8,58.3097
8192,64,8,8,37.8362
8192,64,16,8,62.4992
8192,64,24,8,70.5218
8192,64,32,8,76.4039
8192,64,40,8,77.5822
8192,64,48,8,71.4251
8192,64,56,8,71.4635
8192,72,8,8,46.4298
8192,72,16,8,66.1789
8192,72,24,8,79.0408
8192,72,32,8,78.5644
8192,72,40,8,82.4736
8192,72,48,8,75.7573
8192,72,56,8,74.3967
8192,72,64,8,74.4736
8192,80,8,8,51.96
8192,80,16,8,74.2682
8192,80,24,8,82.3169
8192,80,32,8,87.7982
8192,80,40,8,91.6983
8192,80,48,8,86.7163
8192,80,56,8,81.2527
8192,80,64,8,75.3148
8192,80,72,8,78.2223
8192,88,8,8,56.64
8192,88,16,8,74.5978
8192,88,24,8,91.0337
8192,88,32,8,95.4391
8192,88,40,8,96.8177
8192,88,48,8,89.8638
8192,88,56,8,83.8348
8192,88,64,8,81.1578
8192,88,72,8,72.6699
8192,88,80,8,75.7508
8192,96,8,8,59.7592
8192,96,16,8,88.4193
8192,96,24,8,100.2681
8192,96,32,8,99.8875
8192,96,40,8,101.1538
8192,96,48,8,97.993
8192,96,56,8,77.2422
8192,96,64,8,74.76
8192,96,72,8,82.6035
8192,96,80,8,69.465
8192,96,88,8,75.8614
8192,104,8,8,62.3603
8192,104,16,8,89.299
8192,104,24,8,102.6561
8192,104,32,8,102.8934
8192,104,40,8,104.7994
8192,104,48,8,92.1732
8192,104,56,8,88.0933
8192,104,64,8,74.5334
8192,104,72,8,80.6582
8192,104,80,8,78.2365
8192,104,88,8,64.0918
8192,104,96,8,72.0861
8192,112,8,8,67.9224
8192,112,16,8,98.1652
8192,112,24,8,103.443
8192,112,32,8,107.1097
8192,112,40,8,109.1193
8192,112,48,8,97.1941
8192,112,56,8,89.6588
8192,112,64,8,83.396
8192,112,72,8,83.1722
8192,112,80,8,75.513
8192,112,88,8,75.4938
8192,112,96,8,64.6912
8192,112,104,8,65.9222
8192,120,8,8,72.2905
8192,120,16,8,94.1605
8192,120,24,8,110.951
8192,120,32,8,111.4645
8192,120,40,8,110.6918
8192,120,48,8,94.6541
8192,120,56,8,70.1384
8192,120,64,8,68.299
8192,120,72,8,70.5771
8192,120,80,8,60.3027
8192,120,88,8,59.3596
8192,120,96,8,68.4727
8192,120,104,8,56.378
8192,120,112,8,66.5172
8192,128,8,8,72.1098
8192,128,16,8,103.0067
8192,128,24,8,109.7159
8192,128,32,8,115.398
8192,128,40,8,113.1328
8192,128,48,8,93.1638
8192,128,56,8,68.2852
8192,128,64,8,66.567
8192,128,72,8,66.2319
8192,128,80,8,63.3078
8192,128,88,8,58.9904
8192,128,96,8,57.2275
8192,128,104,8,56.0703
8192,128,112,8,52.2702
8192,128,120,8,49.6273
8192,136,8,8,77.6778
8192,136,16,8,101.878
8192,136,24,8,112.1232
8192,136,32,8,115.4717
8192,136,40,8,111.0928
8192,136,48,8,90.0591
8192,136,56,8,67.1259
8192,136,64,8,62.6652
8192,136,72,8,57.856
8192,136,80,8,51.8477
8192,136,88,8,58.0372
8192,136,96,8,57.0843
8192,136,104,8,56.0376
8192,136,112,8,60.3843
8192,136,120,8,59.0838
8192,136,128,8,61.6263
8192,144,8,8,77.659
8192,144,16,8,111.858
8192,144,24,8,119.6516
8192,144,32,8,122.897
8192,144,40,8,115.8551
8192,144,48,8,93.9704
8192,144,56,8,72.988
8192,144,64,8,69.3771
8192,144,72,8,68.5676
8192,144,80,8,67.6014
8192,144,88,8,56.2471
8192,144,96,8,62.5199
8192,144,104,8,62.7146
8192,144,112,8,74.3278
8192,144,120,8,73.5449
8192,144,128,8,71.6732
8192,144,136,8,65.8149
8192,152,8,8,79.8537
8192,152,16,8,107.8005
8192,152,24,8,117.1958
8192,152,32,8,116.7515
8192,152,40,8,115.2331
8192,152,48,8,90.8209
8192,152,56,8,61.7583
8192,152,64,8,60.5579
8192,152,72,8,59.479
8192,152,80,8,59.69
8192,152,88,8,56.929
8192,152,96,8,49.7391
8192,152,104,8,63.1978
8192,152,112,8,62.9017
8192,152,120,8,64.4786
8192,152,128,8,57.2346
8192,152,136,8,59.1318
8192,152,144,8,56.6056
8192,160,8,8,84.827
8192,160,16,8,111.2752
8192,160,24,8,117.9433
8192,160,32,8,116.9393
8192,160,40,8,111.9957
8192,160,48,8,88.6879
8192,160,56,8,62.0239
8192,160,64,8,59.2674
8192,160,72,8,56.188
8192,160,80,8,52.999
8192,160,88,8,60.8463
8192,160,96,8,58.9303
8192,160,104,8,66.9848
8192,160,112,8,60.8968
8192,160,120,8,60.058
8192,160,128,8,59.3326
8192,160,136,8,58.5012
8192,160,144,8,54.7604
8192,160,152,8,56.8162
8192,168,8,8,84.8051
8192,168,16,8,111.6207
8192,168,24,8,118.2514
8192,168,32,8,118.5031
8192,168,40,8,105.1474
8192,168,48,8,83.2701
8192,168,56,8,63.3439
8192,168,64,8,67.2105
8192,168,72,8,61.7544
8192,168,80,8,59.7475
8192,168,88,8,76.8953
8192,168,96,8,75.9926
8192,168,104,8,74.8859
8192,168,112,8,69.6231
8192,168,120,8,70.7702
8192,168,128,8,69.968
8192,168,136,8,65.6849
8192,168,144,8,67.459
8192,168,152,8,66.2801
8192,168,160,8,65.5724
8192,176,8,8,90.5503
8192,176,16,8,113.0559
8192,176,24,8,113.5836
8192,176,32,8,112.8444
8192,176,40,8,106.0348
8192,176,48,8,88.3078
8192,176,56,8,53.7936
8192,176,64,8,58.4751
8192,176,72,8,57.7924
8192,176,80,8,61.3087
8192,176,88,8,61.5101
8192,176,96,8,65.8424
8192,176,104,8,63.1582
8192,176,112,8,64.2274
8192,176,120,8,60.8761
8192,176,128,8,60.6239
8192,176,136,8,58.6188
8192,176,144,8,56.8732
8192,176,152,8,56.613
8192,176,160,8,52.3233
8192,176,168,8,54.6468
8192,184,8,8,86.4878
8192,184,16,8,111.6936
8192,184,24,8,114.0289
8192,184,32,8,107.482
8192,184,40,8,109.3256
8192,184,48,8,86.6802
8192,184,56,8,51.9287
8192,184,64,8,57.7131
8192,184,72,8,58.9735
8192,184,80,8,60.124
8192,184,88,8,58.9067
8192,184,96,8,60.1509
8192,184,104,8,62.1275
8192,184,112,8,61.0346
8192,184,120,8,60.9851
8192,184,128,8,60.714
8192,184,136,8,59.1792
8192,184,144,8,56.1621
8192,184,152,8,55.3657
8192,184,160,8,53.8462
8192,184,168,8,52.2385
8192,184,176,8,52.3866
8192,192,8,8,80.7614
8192,192,16,8,106.3748
8192,192,24,8,110.6118
8192,192,32,8,108.7035
8192,192,40,8,101.2269
8192,192,48,8,81.0408
8192,192,56,8,50.0755
8192,192,64,8,58.7164
8192,192,72,8,58.6183
8192,192,80,8,56.764
8192,192,88,8,58.3497
8192,192,96,8,66.6048
8192,192,104,8,67.6848
8192,192,112,8,61.5065
8192,192,120,8,60.1048
8192,192,128,8,60.0468
8192,192,136,8,60.8357
8192,192,144,8,56.4449
8192,192,152,8,60.2722
8192,192,160,8,62.3906
8192,192,168,8,54.5908
8192,192,176,8,57.3587
8192,192,184,8,56.4347
8192,200,8,8,86.9493
8192,200,16,8,106.7896
8192,200,24,8,102.9791
8192,200,32,8,104.3346
8192,200,40,8,102.6482
8192,200,48,8,71.182
8192,200,56,8,45.2555
8192,200,64,8,49.5913
8192,200,72,8,49.9996
8192,200,80,8,51.6066
8192,200,88,8,48.734
8192,200,96,8,48.1259
8192,200,104,8,51.9838
8192,200,112,8,51.2503
8192,200,120,8,48.6982
8192,200,128,8,52.2475
8192,200,136,8,51.4741
8192,200,144,8,46.9673
8192,200,152,8,50.5466
8192,200,160,8,51.961
8192,200,168,8,46.9844
8192,200,176,8,49.874
8192,200,184,8,47.586
8192,200,192,8,43.8988
8192,208,8,8,88.4045
8192,208,16,8,98.2004
8192,208,24,8,103.8684
8192,208,32,8,94.8401
8192,208,40,8,93.9443
8192,208,48,8,70.713
8192,208,56,8,51.5572
8192,208,64,8,50.6859
8192,208,72,8,50.6271
8192,208,80,8,52.6263
8192,208,88,8,49.8396
8192,208,96,8,48.1042
8192,208,104,8,50.0413
8192,208,112,8,48.034
8192,208,120,8,48.426
8192,208,128,8,47.931
8192,208,136,8,52.64
8192,208,144,8,47.7989
8192,208,152,8,44.6005
8192,208,160,8,49.7917
8192,208,168,8,47.7061
8192,208,176,8,46.2506
8192,208,184,8,47.9494
8192,208,192,8,43.8408
8192,208,200,8,42.9954
8192,216,8,8,83.9679
8192,216,16,8,93.1072
8192,216,24,8,100.7507
8192,216,32,8,91.7176
8192,216,40,8,90.3845
8192,216,48,8,68.3513
8192,216,56,8,49.7216
8192,216,64,8,46.4595
8192,216,72,8,49.8392
8192,216,80,8,47.2233
8192,216,88,8,50.2925
8192,216,96,8,48.8526
8192,216,104,8,48.5709
8192,216,112,8,49.9676
8192,216,120,8,49.3644
8192,216,128,8,48.0994
8192,216,136,8,50.2322
8192,216,144,8,47.7341
8192,216,152,8,45.177
8192,216,160,8,47.0379
8192,216,168,8,47.0432
8192,216,176,8,47.0635
8192,216,184,8,49.2198
8192,216,192,8,46.2328
8192,216,200,8,45.1521
8192,216,208,8,43.6529
8192,224,8,8,80.8885
8192,224,16,8,90.7318
8192,224,24,8,89.8219
8192,224,32,8,100.116
8192,224,40,8,89.2384
8192,224,48,8,69.8181
8192,224,56,8,46.421
8192,224,64,8,50.3918
8192,224,72,8,48.406
8192,224,80,8,48.819
8192,224,88,8,50.9596
8192,224,96,8,51.2147
8192,224,104,8,49.5881
8192,224,112,8,51.0149
8192,224,120,8,50.5475
8192,224,128,8,48.9523
8192,224,136,8,48.5289
8192,224,144,8,47.828
8192,224,152,8,45.0255
8192,224,160,8,45.5922
8192,224,168,8,46.7828
8192,224,176,8,48.1217
8192,224,184,8,48.3261
8192,224,192,8,48.5092
8192,224,200,8,47.6636
8192,224,208,8,46.2486
8192,224,216,8,44.0658
8192,232,8,8,80.3326
8192,232,16,8,87.6052
8192,232,24,8,84.9616
8192,232,32,8,85.4147
8192,232,40,8,85.8246
8192,232,48,8,67.7267
8192,232,56,8,46.4041
8192,232,64,8,49.2236
8192,232,72,8,48.6465
8192,232,80,8,50.4468
8192,232,88,8,47.3277
8192,232,96,8,51.9388
8192,232,104,8,50.1658
8192,232,112,8,47.6218
8192,232,120,8,39.7312
8192,232,128,8,49.4012
8192,232,136,8,49.2122
8192,232,144,8,48.0481
8192,232,152,8,47.1171
8192,232,160,8,46.7595
8192,232,168,8,46.64
8192,232,176,8,45.9781
8192,232,184,8,47.7777
8192,232,192,8,48.6708
8192,232,200,8,45.7854
8192,232,208,8,46.5937
8192,232,216,8,44.8877
8192,232,224,8,43.9948
8192,240,8,8,59.5128
8192,240,16,8,78.7636
8192,240,24,8,76.8231
8192,240,32,8,80.5272
8192,240,40,8,83.6792
8192,240,48,8,64.7616
8192,240,56,8,45.6212
8192,240,64,8,48.59
8192,240,72,8,46.9563
8192,240,80,8,48.3596
8192,240,88,8,48.6599
8192,240,96,8,50.5206
8192,240,104,8,49.8483
8192,240,112,8,49.057
8192,240,120,8,49.9222
8192,240,128,8,50.5841
8192,240,136,8,49.3765
8192,240,144,8,49.2953
8192,240,152,8,48.8703
8192,240,160,8,48.7344
8192,240,168,8,46.5062
8192,240,176,8,47.5008
8192,240,184,8,45.732
8192,240,192,8,48.9212
8192,240,200,8,49.8578
8192,240,208,8,47.9983
8192,240,216,8,47.0741
8192,240,224,8,44.8821
8192,240,232,8,43.2624
8192,248,8,8,65.5798
8192,248,16,8,68.0182
8192,248,24,8,70.5867
8192,248,32,8,74.5639
8192,248,40,8,73.6835
8192,248,48,8,62.0236
8192,248,56,8,40.231
8192,248,64,8,42.9049
8192,248,72,8,43.9726
8192,248,80,8,47.1433
8192,248,88,8,49.115
8192,248,96,8,48.719
8192,248,104,8,50.7933
8192,248,112,8,48.6673
8192,248,120,8,47.3797
8192,248,128,8,49.7939
8192,248,136,8,50.2007
8192,248,144,8,49.7923
8192,248,152,8,49.4665
8192,248,160,8,49.0134
8192,248,168,8,41.216
8192,248,176,8,46.9365
8192,248,184,8,46.3077
8192,248,192,8,47.9078
8192,248,200,8,49.0911
8192,248,208,8,48.8993
8192,248,216,8,47.268
8192,248,224,8,45.6263
8192,248,232,8,45.4024
8192,248,240,8,44.6479
8192,256,8,8,59.6922
8192,256,16,8,66.9066
8192,256,24,8,70.0866
8192,256,32,8,73.9357
8192,256,40,8,73.9598
8192,256,48,8,59.1133
8192,256,56,8,41.0973
8192,256,64,8,42.3861
8192,256,72,8,46.6473
8192,256,80,8,45.8139
8192,256,88,8,46.1631
8192,256,96,8,47.4542
8192,256,104,8,50.4111
8192,256,112,8,51.2599
8192,256,120,8,49.0459
8192,256,128,8,51.6078
8192,256,136,8,50.4819
8192,256,144,8,50.7791
8192,256,152,8,48.416
8192,256,160,8,50.4317
8192,256,168,8,48.7284
8192,256,176,8,49.0249
8192,256,184,8,48.6341
8192,256,192,8,50.887
8192,256,200,8,47.8926
8192,256,208,8,49.6609
8192,256,216,8,50.093
8192,256,224,8,48.2891
8192,256,232,8,45.2951
8192,256,240,8,45.4672
8192,256,248,8,43.1107
8192,264,8,8,55.1585
8192,264,16,8,58.5454
8192,264,24,8,67.8653
8192,264,32,8,66.0782
8192,264,40,8,71.4971
8192,264,48,8,59.342
8192,264,56,8,54.2277
8192,264,64,8,52.4893
8192,264,72,8,53.4225
8192,264,80,8,55.0128
8192,264,88,8,57.1117
8192,264,96,8,53.05
8192,264,104,8,55.7195
8192,264,112,8,58.2693
8192,264,120,8,54.093
8192,264,128,8,54.5333
8192,264,136,8,57.5285
8192,264,144,8,58.683
8192,264,152,8,56.4861
8192,264,160,8,57.5052
8192,264,168,8,54.3243
8192,264,176,8,54.2946
8192,264,184,8,54.1911
8192,264,192,8,53.5304
8192,264,200,8,52.9966
8192,264,208,8,52.9677
8192,264,216,8,48.4018
8192,264,224,8,48.9187
8192,264,232,8,50.2923
8192,264,240,8,47.6134
8192,264,248,8,47.3574
8192,264,256,8,46.1827
8192,272,8,8,47.239
8192,272,16,8,55.0337
8192,272,24,8,58.3613
8192,272,32,8,61.694
8192,272,40,8,68.3347
8192,272,48,8,59.0754
8192,272,56,8,54.9179
8192,272,64,8,47.9402
8192,272,72,8,54.493
8192,272,80,8,58.0238
8192,272,88,8,53.3121
8192,272,96,8,58.0768
8192,272,104,8,57.7985
8192,272,112,8,55.4868
8192,272,120,8,57.5494
8192,272,128,8,57.8115
8192,272,136,8,55.308
8192,272,144,8,60.1225
8192,272,152,8,56.4462
8192,272,160,8,55.816
8192,272,168,8,57.2215
8192,272,176,8,54.3073
8192,272,184,8,53.3275
8192,272,192,8,53.609
8192,272,200,8,51.7194
8192,272,208,8,55.5761
8192,272,216,8,51.4699
8192,272,224,8,49.5928
8192,272,232,8,52.2641
8192,272,240,8,47.9124
8192,272,248,8,46.8731
8192,272,256,8,45.0979
8192,272,264,8,49.0646
8192,280,8,8,40.9916
8192,280,16,8,49.7748
8192,280,24,8,56.0476
8192,280,32,8,61.1256
8192,280,40,8,62.9771
8192,280,48,8,60.016
8192,280,56,8,50.6442
8192,280,64,8,53.696
8192,280,72,8,56.7133
8192,280,80,8,55.2838
8192,280,88,8,57.2542
8192,280,96,8,58.7943
8192,280,104,8,56.1182
8192,280,112,8,57.9152
8192,280,120,8,51.3478
8192,280,128,8,55.1438
8192,280,136,8,55.8012
8192,280,144,8,55.71
8192,280,152,8,56.3091
8192,280,160,8,58.2638
8192,280,168,8,58.8211
8192,280,176,8,53.859
8192,280,184,8,55.559
8192,280,192,8,56.7924
8192,280,200,8,56.3063
8192,280,208,8,55.7324
8192,280,216,8,53.8829
8192,280,224,8,53.8251
8192,280,232,8,51.875
8192,280,240,8,51.7183
8192,280,248,8,49.6958
8192,280,256,8,48.932
8192,280,264,8,50.6378
8192,280,272,8,48.8871
8192,288,8,8,42.6877
8192,288,16,8,47.2946
8192,288,24,8,56.7488
8192,288,32,8,59.7126
8192,288,40,8,60.0757
8192,288,48,8,57.407
8192,288,56,8,50.4253
8192,288,64,8,52.1608
8192,288,72,8,57.8619
8192,288,80,8,58.4933
8192,288,88,8,57.7397
8192,288,96,8,60.3714
8192,288,104,8,58.5256
8192,288,112,8,57.5319
8192,288,120,8,56.9774
8192,288,128,8,58.9211
8192,288,136,8,55.9023
8192,288,144,8,58.292
8192,288,152,8,60.7167
8192,288,160,8,58.2361
8192,288,168,8,58.7245
8192,288,176,8,57.938
8192,288,184,8,56.2157
8192,288,192,8,57.8301
8192,288,200,8,55.669
8192,288,208,8,55.9497
8192,288,216,8,55.9284
8192,288,224,8,54.5853
8192,288,232,8,53.5162
8192,288,240,8,52.5485
8192,288,248,8,51.054
8192,288,256,8,49.8141
8192,288,264,8,51.4931
8192,288,272,8,50.8156
8192,288,280,8,48.5118
8192,296,8,8,36.8752
8192,296,16,8,43.9548
8192,296,24,8,53.8449
8192,296,32,8,55.0653
8192,296,40,8,58.5438
8192,296,48,8,53.9818
8192,296,56,8,49.8898
8192,296,64,8,55.1425
8192,296,72,8,54.0231
8192,296,80,8,55.0928
8192,296,88,8,56.3755
8192,296,96,8,54.2032
8192,296,104,8,57.5408
8192,296,112,8,55.3857
8192,296,120,8,54.9702
8192,296,128,8,57.4474
8192,296,136,8,55.953
8192,296,144,8,54.675
8192,296,152,8,56.2369
8192,296,160,8,60.8279
8192,296,168,8,59.51
8192,296,176,8,57.3238
8192,296,184,8,58.7529
8192,296,192,8,58.664
8192,296,200,8,57.1008
8192,296,208,8,57.726
8192,296,216,8,56.101
8192,296,224,8,54.5417
8192,296,232,8,55.0968
8192,296,240,8,52.5347
8192,296,248,8,51.9789
8192,296,256,8,50.5369
8192,296,264,8,51.315
8192,296,272,8,50.7198
8192,296,280,8,48.4533
8192,296,288,8,46.6778
8192,304,8,8,31.2591
8192,304,16,8,42.8467
8192,304,24,8,51.2993
8192,304,32,8,54.0334
8192,304,40,8,55.2415
8192,304,48,8,51.3128
8192,304,56,8,50.7353
8192,304,64,8,53.2618
8192,304,72,8,53.9549
8192,304,80,8,56.1612
8192,304,88,8,56.6314
8192,304,96,8,56.6339
8192,304,104,8,57.4591
8192,304,112,8,59.433
8192,304,120,8,57.8092
8192,304,128,8,57.066
8192,304,136,8,55.8778
8192,304,144,8,56.3236
8192,304,152,8,57.7107
8192,304,160,8,59.1645
8192,304,168,8,60.4902
8192,304,176,8,57.4344
8192,304,184,8,58.4134
8192,304,192,8,57.6689
8192,304,200,8,59.9844
8192,304,208,8,60.5498
8192,304,216,8,58.0075
8192,304,224,8,55.9907
8192,304,232,8,54.1408
8192,304,240,8,54.9323
8192,304,248,8,52.1885
8192,304,256,8,52.6951
8192,304,264,8,52.4243
8192,304,272,8,51.4496
8192,304,280,8,49.6326
8192,304,288,8,47.9513
8192,304,296,8,46.3988
8192,312,8,8,29.6987
8192,312,16,8,42.1426
8192,312,24,8,48.6836
8192,312,32,8,54.1845
8192,312,40,8,58.2462
8192,312,48,8,53.7419
8192,312,56,8,52.3463
8192,312,64,8,55.051
8192,312,72,8,51.6672
8192,312,80,8,56.6964
8192,312,88,8,56.6259
8192,312,96,8,57.3971
8192,312,104,8,59.3402
8192,312,112,8,60.8132
8192,312,120,8,57.5922
8192,312,128,8,57.4949
8192,312,136,8,57.4739
8192,312,144,8,57.0487
8192,312,152,8,56.575
8192,312,160,8,58.6214
8192,312,168,8,59.2103
8192,312,176,8,59.2508
8192,312,184,8,57.1287
8192,312,192,8,60.8646
8192,312,200,8,57.2613
8192,312,208,8,60.7262
8192,312,216,8,56.4087
8192,312,224,8,59.5417
8192,312,232,8,55.1947
8192,312,240,8,55.7461
8192,312,248,8,55.4532
8192,312,256,8,51.3963
8192,312,264,8,51.7606
8192,312,272,8,52.227
8192,312,280,8,47.4909
8192,312,288,8,47.8184
8192,312,296,8,46.7585
8192,312,304,8,45.2967
8192,320,8,8,29.0504
8192,320,16,8,39.3483
8192,320,24,8,46.0283
8192,320,32,8,52.6193
8192,320,40,8,56.3463
8192,320,48,8,53.4449
8192,320,56,8,52.3959
8192,320,64,8,53.7257
8192,320,72,8,54.7838
8192,320,80,8,56.4209
8192,320,88,8,58.9927
8192,320,96,8,60.0174
8192,320,104,8,57.8269
8192,320,112,8,59.844
8192,320,120,8,57.2716
8192,320,128,8,57.7967
8192,320,136,8,58.6452
8192,320,144,8,57.3405
8192,320,152,8,57.0291
8192,320,160,8,60.6786
8192,320,168,8,59.1521
8192,320,176,8,58.241
8192,320,184,8,58.9781
8192,320,192,8,61.4263
8192,320,200,8,60.2831
8192,320,208,8,58.624
8192,320,216,8,60.1654
8192,320,224,8,57.1483
8192,320,232,8,56.1261
8192,320,240,8,55.1311
8192,320,248,8,55.5687
8192,320,256,8,52.4892
8192,320,264,8,53.6529
8192,320,272,8,52.9407
8192,320,280,8,49.8846
8192,320,288,8,50.6956
8192,320,296,8,48.6636
8192,320,304,8,46.4762
8192,320,312,8,43.5085
8192,328,8,8,27.0091
8192,328,16,8,36.2385
8192,328,24,8,44.4793
8192,328,32,8,49.2529
8192,328,40,8,52.9104
8192,328,48,8,52.2626
8192,328,56,8,50.3141
8192,328,64,8,51.0461
8192,328,72,8,54.7168
8192,328,80,8,54.2598
8192,328,88,8,58.4393
8192,328,96,8,56.2747
8192,328,104,8,57.8224
8192,328,112,8,61.0888
8192,328,120,8,58.1849
8192,328,128,8,58.3142
8192,328,136,8,56.3602
8192,328,144,8,58.3967
8192,328,152,8,58.5381
8192,328,160,8,55.1393
8192,328,168,8,58.2302
8192,328,176,8,58.8106
8192,328,184,8,61.1098
8192,328,192,8,58.7581
8192,328,200,8,60.932
8192,328,208,8,58.6201
8192,328,216,8,58.2109
8192,328,224,8,57.2679
8192,328,232,8,58.8593
8192,328,240,8,55.3123
8192,328,248,8,56.8295
8192,328,256,8,53.5079
8192,328,264,8,52.5752
8192,328,272,8,50.4396
8192,328,280,8,49.785
8192,328,288,8,48.9965
8192,328,296,8,48.0957
8192,328,304,8,45.346
8192,328,312,8,42.9979
8192,328,320,8,42.3104
8192,336,8,8,26.3928
8192,336,16,8,36.0829
8192,336,24,8,46.2168
8192,336,32,8,48.8239
8192,336,40,8,53.7602
8192,336,48,8,51.4148
8192,336,56,8,52.9713
8192,336,64,8,52.8934
8192,336,72,8,56.8036
8192,336,80,8,56.878
8192,336,88,8,57.4133
8192,336,96,8,59.3042
8192,336,104,8,59.0108
8192,336,112,8,59.7169
8192,336,120,8,59.4696
8192,336,128,8,58.3356
8192,336,136,8,57.1246
8192,336,144,8,58.8095
8192,336,152,8,56.6335
8192,336,160,8,57.9697
8192,336,168,8,58.3837
8192,336,176,8,61.8596
8192,336,184,8,58.6951
8192,336,192,8,63.0287
8192,336,200,8,57.2248
8192,336,208,8,53.2481
8192,336,216,8,60.308
8192,336,224,8,59.8116
8192,336,232,8,59.7615
8192,336,240,8,57.8063
8192,336,248,8,55.8884
8192,336,256,8,53.6139
8192,336,264,8,54.0423
8192,336,272,8,51.6971
8192,336,280,8,49.8377
8192,336,288,8,46.9071
8192,336,296,8,47.1521
8192,336,304,8,46.1838
8192,336,312,8,42.6003
8192,336,320,8,42.3272
8192,336,328,8,40.5615
8192,344,8,8,24.9019
8192,344,16,8,34.5399
8192,344,24,8,42.9288
8192,344,32,8,48.5677
8192,344,40,8,52.5996
8192,344,48,8,49.0153
8192,344,56,8,50.2174
8192,344,64,8,51.154
8192,344,72,8,55.0356
8192,344,80,8,56.599
8192,344,88,8,59.1355
8192,344,96,8,58.6403
8192,344,104,8,59.436
8192,344,112,8,57.4281
8192,344,120,8,60.1538
8192,344,128,8,60.8648
8192,344,136,8,58.8163
8192,344,144,8,58.0103
8192,344,152,8,58.7916
8192,344,160,8,58.2915
8192,344,168,8,56.6342
8192,344,176,8,61.2536
8192,344,184,8,59.8651
8192,344,192,8,63.5457
8192,344,200,8,61.5784
8192,344,208,8,60.5849
8192,344,216,8,60.1436
8192,344,224,8,60.7348
8192,344,232,8,59.5923
8192,344,240,8,58.6763
8192,344,248,8,55.5236
8192,344,256,8,54.5738
8192,344,264,8,54.5335
8192,344,272,8,53.741
8192,344,280,8,40.0801
8192,344,288,8,48.6137
8192,344,296,8,46.2739
8192,344,304,8,45.9246
8192,344,312,8,42.966
8192,344,320,8,39.9631
8192,344,328,8,39.6857
8192,344,336,8,38.4161
8192,352,8,8,23.594
8192,352,16,8,35.0029
8192,352,24,8,42.7762
8192,352,32,8,51.2611
8192,352,40,8,52.5827
8192,352,48,8,51.2237
8192,352,56,8,50.5952
8192,352,64,8,53.927
8192,352,72,8,56.7661
8192,352,80,8,55.8009
8192,352,88,8,58.9439
8192,352,96,8,59.6782
8192,352,104,8,57.7915
8192,352,112,8,56.5074
8192,352,120,8,59.1292
8192,352,128,8,60.9622
8192,352,136,8,58.9706
8192,352,144,8,58.8684
8192,352,152,8,57.4072
8192,352,160,8,58.0572
8192,352,168,8,56.8329
8192,352,176,8,62.1388
8192,352,184,8,59.6812
8192,352,192,8,61.4358
8192,352,200,8,60.4273
8192,352,208,8,61.6216
8192,352,216,8,58.9748
8192,352,224,8,59.8493
8192,352,232,8,58.7374
8192,352,240,8,57.7744
8192,352,248,8,56.0142
8192,352,256,8,54.9745
8192,352,264,8,54.773
8192,352,272,8,53.4199
8192,352,280,8,50.6729
8192,352,288,8,46.3223
8192,352,296,8,46.6486
8192,352,304,8,44.4699
8192,352,312,8,45.0292
8192,352,320,8,41.2199
8192,352,328,8,40.6235
8192,352,336,8,38.3623
8192,352,344,8,37.7557
8192,360,8,8,23.8668
8192,360,16,8,33.4969
8192,360,24,8,42.3528
8192,360,32,8,46.1063
8192,360,40,8,52.4462
8192,360,48,8,49.2338
8192,360,56,8,48.4519
8192,360,64,8,52.5115
8192,360,72,8,54.3275
8192,360,80,8,56.3083
8192,360,88,8,56.7086
8192,360,96,8,58.5801
8192,360,104,8,57.429
8192,360,112,8,49.1986
8192,360,120,8,62.7423
8192,360,128,8,62.9628
8192,360,136,8,56.0547
8192,360,144,8,60.4892
8192,360,152,8,61.2154
8192,360,160,8,60.6681
8192,360,168,8,60.2392
8192,360,176,8,58.2798
8192,360,184,8,60.979
8192,360,192,8,61.2446
8192,360,200,8,61.9503
8192,360,208,8,60.4366
8192,360,216,8,61.8525
8192,360,224,8,58.2317
8192,360,232,8,60.6911
8192,360,240,8,56.1801
8192,360,248,8,57.9461
8192,360,256,8,54.7273
8192,360,264,8,55.6145
8192,360,272,8,52.5687
8192,360,280,8,51.9196
8192,360,288,8,48.3669
8192,360,296,8,47.6575
8192,360,304,8,45.0647
8192,360,312,8,42.685
8192,360,320,8,42.3832
8192,360,328,8,40.4058
8192,360,336,8,38.7271
8192,360,344,8,37.1568
8192,360,352,8,36.8305
8192,368,8,8,21.7499
8192,368,16,8,34.0349
8192,368,24,8,41.1655
8192,368,32,8,47.0159
8192,368,40,8,51.178
8192,368,48,8,50.4126
8192,368,56,8,52.6479
8192,368,64,8,52.2226
8192,368,72,8,54.5042
8192,368,80,8,58.3953
8192,368,88,8,56.008
8192,368,96,8,58.9984
8192,368,104,8,55.6099
8192,368,112,8,57.6575
8192,368,120,8,59.6953
8192,368,128,8,62.508
8192,368,136,8,59.5229
8192,368,144,8,59.5049
8192,368,152,8,58.0735
8192,368,160,8,61.3049
8192,368,168,8,56.8463
8192,368,176,8,58.6588
8192,368,184,8,57.9791
8192,368,192,8,64.8685
8192,368,200,8,61.9648
8192,368,208,8,62.5779
8192,368,216,8,57.9924
8192,368,224,8,58.573
8192,368,232,8,58.4125
8192,368,240,8,57.4336
8192,368,248,8,55.5671
8192,368,256,8,55.3756
8192,368,264,8,52.7171
8192,368,272,8,53.2868
8192,368,280,8,50.4366
8192,368,288,8,50.1176
8192,368,296,8,47.2181
8192,368,304,8,43.5755
8192,368,312,8,43.1356
8192,368,320,8,41.2599
8192,368,328,8,39.8669
8192,368,336,8,39.2161
8192,368,344,8,37.8291
8192,368,352,8,37.0549
8192,368,360,8,35.6506
8192,376,8,8,21.6207
8192,376,16,8,31.9468
8192,376,24,8,39.2723
8192,376,32,8,45.7063
8192,376,40,8,48.6697
8192,376,48,8,49.5469
8192,376,56,8,50.2357
8192,376,64,8,52.847
8192,376,72,8,55.1325
8192,376,80,8,56.4924
8192,376,88,8,57.7659
8192,376,96,8,57.4418
8192,376,104,8,58.86
8192,376,112,8,60.0674
8192,376,120,8,60.8989
8192,376,128,8,60.3798
8192,376,136,8,62.3543
8192,376,144,8,60.0124
8192,376,152,8,60.8138
8192,376,160,8,59.0442
8192,376,168,8,60.5323
8192,376,176,8,57.8751
8192,376,184,8,59.5104
8192,376,192,8,62.0344
8192,376,200,8,63.5267
8192,376,208,8,61.022
8192,376,216,8,59.64
8192,376,224,8,58.5628
8192,376,232,8,60.1345
8192,376,240,8,56.99
8192,376,248,8,58.6153
8192,376,256,8,44.1812
8192,376,264,8,54.8272
8192,376,272,8,48.9914
8192,376,280,8,50.1696
8192,376,288,8,49.6208
8192,376,296,8,46.3963
8192,376,304,8,45.3186
8192,376,312,8,44.5592
8192,376,320,8,43.6171
8192,376,328,8,39.2921
8192,376,336,8,40.0119
8192,376,344,8,39.4023
8192,376,352,8,38.3838
8192,376,360,8,37.0518
8192,376,368,8,35.2894
8192,384,8,8,21.6559
8192,384,16,8,31.9688
8192,384,24,8,39.8433
8192,384,32,8,46.456
8192,384,40,8,48.2255
8192,384,48,8,49.5641
8192,384,56,8,51.1765
8192,384,64,8,52.4299
8192,384,72,8,53.1459
8192,384,80,8,55.4032
8192,384,88,8,57.8973
8192,384,96,8,58.0502
8192,384,104,8,58.6713
8192,384,112,8,60.6775
8192,384,120,8,58.0823
8192,384,128,8,62.3472
8192,384,136,8,59.9721
8192,384,144,8,61.3258
8192,384,152,8,59.255
8192,384,160,8,57.4379
8192,384,168,8,56.3837
8192,384,176,8,58.8066
8192,384,184,8,56.1545
8192,384,192,8,64.1366
8192,384,200,8,59.8182
8192,384,208,8,60.135
8192,384,216,8,59.0863
8192,384,224,8,58.2948
8192,384,232,8,56.1897
8192,384,240,8,58.9402
8192,384,248,8,54.1941
8192,384,256,8,54.574
8192,384,264,8,52.3818
8192,384,272,8,51.2501
8192,384,280,8,50.4124
8192,384,288,8,47.1696
8192,384,296,8,47.0558
8192,384,304,8,44.7541
8192,384,312,8,44.1958
8192,384,320,8,41.18
8192,384,328,8,40.6489
8192,384,336,8,38.8351
8192,384,344,8,37.9944
8192,384,352,8,37.4576
8192,384,360,8,36.2767
8192,384,368,8,35.5707
8192,384,376,8,35.1399
8192,392,8,8,20.9862
8192,392,16,8,31.7793
8192,392,24,8,40.327
8192,392,32,8,41.8819
8192,392,40,8,51.3077
8192,392,48,8,49.2107
8192,392,56,8,50.708
8192,392,64,8,52.3775
8192,392,72,8,55.6407
8192,392,80,8,58.0353
8192,392,88,8,57.253
8192,392,96,8,58.208
8192,392,104,8,59.2561
8192,392,112,8,58.5319
8192,392,120,8,58.6132
8192,392,128,8,58.7214
8192,392,136,8,60.4384
8192,392,144,8,62.9013
8192,392,152,8,58.4297
8192,392,160,8,58.2927
8192,392,168,8,57.0469
8192,392,176,8,59.1388
8192,392,184,8,55.0906
8192,392,192,8,57.4766
8192,392,200,8,57.1953
8192,392,208,8,59.2371
8192,392,216,8,56.6596
8192,392,224,8,58.5558
8192,392,232,8,55.7179
8192,392,240,8,55.5805
8192,392,248,8,55.5145
8192,392,256,8,51.6166
8192,392,264,8,51.7404
8192,392,272,8,51.4108
8192,392,280,8,47.6949
8192,392,288,8,47.6808
8192,392,296,8,45.2269
8192,392,304,8,45.44
8192,392,312,8,42.0612
8192,392,320,8,41.8886
8192,392,328,8,39.7602
8192,392,336,8,38.9086
8192,392,344,8,36.2965
8192,392,352,8,36.7392
8192,392,360,8,35.2442
8192,392,368,8,34.9491
8192,392,376,8,34.0908
8192,392,384,8,33.0158
8192,400,8,8,21.3367
8192,400,16,8,32.0285
8192,400,24,8,40.6438
8192,400,32,8,45.764
8192,400,40,8,49.4325
8192,400,48,8,48.1903
8192,400,56,8,47.8583
8192,400,64,8,50.8739
8192,400,72,8,54.2157
8192,400,80,8,56.2721
8192,400,88,8,57.5584
8192,400,96,8,55.9129
8192,400,104,8,57.8998
8192,400,112,8,59.3006
8192,400,120,8,62.2323
8192,400,128,8,59.6486
8192,400,136,8,59.8727
8192,400,144,8,60.7871
8192,400,152,8,61.1376
8192,400,160,8,58.3953
8192,400,168,8,58.5203
8192,400,176,8,57.4539
8192,400,184,8,54.8365
8192,400,192,8,56.9644
8192,400,200,8,59.0548
8192,400,208,8,59.8336
8192,400,216,8,58.9418
8192,400,224,8,57.1331
8192,400,232,8,57.2648
8192,400,240,8,54.8527
8192,400,248,8,55.5458
8192,400,256,8,52.7696
8192,400,264,8,52.1577
8192,400,272,8,48.65
8192,400,280,8,48.5947
8192,400,288,8,48.0512
8192,400,296,8,46.5328
8192,400,304,8,44.8098
8192,400,312,8,43.9132
8192,400,320,8,43.0526
8192,400,328,8,41.1037
8192,400,336,8,39.5953
8192,400,344,8,38.588
8192,400,352,8,37.457
8192,400,360,8,37.2719
8192,400,368,8,35.8938
8192,400,376,8,35.1361
8192,400,384,8,33.8757
8192,400,392,8,33.275
8192,408,8,8,20.2468
8192,408,16,8,30.4528
8192,408,24,8,39.7736
8192,408,32,8,44.9385
8192,408,40,8,49.8405
8192,408,48,8,49.1363
8192,408,56,8,50.2358
8192,408,64,8,52.5366
8192,408,72,8,54.5661
8192,408,80,8,55.7794
8192,408,88,8,59.3497
8192,408,96,8,60.5482
8192,408,104,8,60.3014
8192,408,112,8,58.3789
8192,408,120,8,57.9734
8192,408,128,8,59.9517
8192,408,136,8,64.1539
8192,408,144,8,61.2116
8192,408,152,8,60.1694
8192,408,160,8,59.9538
8192,408,168,8,60.4873
8192,408,176,8,57.2369
8192,408,184,8,57.5616
8192,408,192,8,58.6206
8192,408,200,8,55.2963
8192,408,208,8,57.8792
8192,408,216,8,57.0807
8192,408,224,8,58.0196
8192,408,232,8,55.4794
8192,408,240,8,56.1286
8192,408,248,8,55.0439
8192,408,256,8,53.0377
8192,408,264,8,50.6626
8192,408,272,8,50.6811
8192,408,280,8,49.9643
8192,408,288,8,46.959
8192,408,296,8,46.3493
8192,408,304,8,45.0419
8192,408,312,8,42.8857
8192,408,320,8,40.7482
8192,408,328,8,40.9884
8192,408,336,8,40.2139
8192,408,344,8,37.9379
8192,408,352,8,37.9327
8192,408,360,8,36.4053
8192,408,368,8,35.6289
8192,408,376,8,34.6072
8192,408,384,8,33.7196
8192,408,392,8,32.5999
8192,408,400,8,31.5935
8192,416,8,8,21.0233
8192,416,16,8,31.2962
8192,416,24,8,39.2965
8192,416,32,8,46.1989
8192,416,40,8,49.5603
8192,416,48,8,49.9493
8192,416,56,8,52.604
8192,416,64,8,53.7987
8192,416,72,8,58.1546
8192,416,80,8,57.4274
8192,416,88,8,60.0329
8192,416,96,8,58.3301
8192,416,104,8,62.1745
8192,416,112,8,62.7002
8192,416,120,8,61.0427
8192,416,128,8,60.6321
8192,416,136,8,58.9476
8192,416,144,8,63.8358
8192,416,152,8,60.0766
8192,416,160,8,62.6701
8192,416,168,8,59.9156
8192,416,176,8,59.7909
8192,416,184,8,56.911
8192,416,192,8,58.2732
8192,416,200,8,58.4604
8192,416,208,8,60.048
8192,416,216,8,56.784
8192,416,224,8,58.0603
8192,416,232,8,56.843
8192,416,240,8,56.6595
8192,416,248,8,54.2224
8192,416,256,8,53.3575
8192,416,264,8,51.3993
8192,416,272,8,50.8754
8192,416,280,8,49.4228
8192,416,288,8,49.2036
8192,416,296,8,47.5927
8192,416,304,8,44.7423
8192,416,312,8,44.7941
8192,416,320,8,42.3733
8192,416,328,8,41.559
8192,416,336,8,41.0519
8192,416,344,8,40.3275
8192,416,352,8,38.8823
8192,416,360,8,38.1932
8192,416,368,8,36.4406
8192,416,376,8,35.7234
8192,416,384,8,34.4044
8192,416,392,8,32.9221
8192,416,400,8,33.6113
8192,416,408,8,28.7183
8192,424,8,8,19.9631
8192,424,16,8,30.985
8192,424,24,8,39.7757
8192,424,32,8,45.2998
8192,424,40,8,49.711
8192,424,48,8,51.5596
8192,424,56,8,51.7712
8192,424,64,8,56.1715
8192,424,72,8,56.1919
8192,424,80,8,59.3678
8192,424,88,8,59.3889
8192,424,96,8,58.8255
8192,424,104,8,59.7297
8192,424,112,8,62.1859
8192,424,120,8,63.337
8192,424,128,8,62.1154
8192,424,136,8,59.2916
8192,424,144,8,62.9556
8192,424,152,8,60.8872
8192,424,160,8,62.632
8192,424,168,8,59.6996
8192,424,176,8,59.9921
8192,424,184,8,58.3169
8192,424,192,8,61.1843
8192,424,200,8,59.1882
8192,424,208,8,56.9922
8192,424,216,8,59.6828
8192,424,224,8,58.3323
8192,424,232,8,57.5955
8192,424,240,8,56.6706
8192,424,248,8,53.6857
8192,424,256,8,51.9987
8192,424,264,8,52.9686
8192,424,272,8,51.343
8192,424,280,8,48.8402
8192,424,288,8,48.971
8192,424,296,8,47.3864
8192,424,304,8,46.2482
8192,424,312,8,44.2133
8192,424,320,8,42.8921
8192,424,328,8,42.5931
8192,424,336,8,41.6276
8192,424,344,8,40.2735
8192,424,352,8,40.0691
8192,424,360,8,38.1359
8192,424,368,8,39.0153
8192,424,376,8,36.0215
8192,424,384,8,35.367
8192,424,392,8,33.918
8192,424,400,8,33.5639
8192,424,408,8,33.1862
8192,424,416,8,31.5005
8192,432,8,8,19.6088
8192,432,16,8,29.759
8192,432,24,8,38.3923
8192,432,32,8,44.5397
8192,432,40,8,49.1485
8192,432,48,8,49.4543
8192,432,56,8,53.1183
8192,432,64,8,55.0967
8192,432,72,8,57.8317
8192,432,80,8,51.3093
8192,432,88,8,62.3075
8192,432,96,8,59.5443
8192,432,104,8,60.0274
8192,432,112,8,57.9223
8192,432,120,8,62.5056
8192,432,128,8,61.3188
8192,432,136,8,62.1294
8192,432,144,8,62.6708
8192,432,152,8,63.2162
8192,432,160,8,62.6993
8192,432,168,8,64.3783
8192,432,176,8,60.7373
8192,432,184,8,60.8082
8192,432,192,8,59.282
8192,432,200,8,58.23
8192,432,208,8,58.0696
8192,432,216,8,59.0804
8192,432,224,8,57.7559
8192,432,232,8,58.1375
8192,432,240,8,55.7415
8192,432,248,8,56.0913
8192,432,256,8,52.7104
8192,432,264,8,53.0123
8192,432,272,8,51.7729
8192,432,280,8,49.5655
8192,432,288,8,49.9576
8192,432,296,8,47.3183
8192,432,304,8,46.6492
8192,432,312,8,45.4811
8192,432,320,8,44.0791
8192,432,328,8,43.0575
8192,432,336,8,41.9977
8192,432,344,8,40.3243
8192,432,352,8,41.1769
8192,432,360,8,39.5578
8192,432,368,8,38.0424
8192,432,376,8,36.8418
8192,432,384,8,35.6557
8192,432,392,8,33.6087
8192,432,400,8,33.7419
8192,432,408,8,32.0695
8192,432,416,8,31.342
8192,432,424,8,30.9592
8192,440,8,8,19.1023
8192,440,16,8,30.2025
8192,440,24,8,38.5579
8192,440,32,8,46.0318
8192,440,40,8,51.1619
8192,440,48,8,48.8363
8192,440,56,8,53.6259
8192,440,64,8,57.5062
8192,440,72,8,56.7834
8192,440,80,8,57.8867
8192,440,88,8,62.6366
8192,440,96,8,61.5713
8192,440,104,8,61.8069
8192,440,112,8,63.5293
8192,440,120,8,62.4623
8192,440,128,8,62.8561
8192,440,136,8,59.3431
8192,440,144,8,62.4068
8192,440,152,8,64.3523
8192,440,160,8,65.177
8192,440,168,8,63.1771
8192,440,176,8,62.4942
8192,440,184,8,60.8912
8192,440,192,8,61.1999
8192,440,200,8,58.2672
8192,440,208,8,58.2176
8192,440,216,8,51.4139
8192,440,224,8,57.3649
8192,440,232,8,57.2997
8192,440,240,8,55.3156
8192,440,248,8,55.2609
8192,440,256,8,53.7675
8192,440,264,8,51.2798
8192,440,272,8,50.2326
8192,440,280,8,50.6387
8192,440,288,8,48.3658
8192,440,296,8,47.6401
8192,440,304,8,45.9965
8192,440,312,8,46.5715
8192,440,320,8,45.0647
8192,440,328,8,43.2895
8192,440,336,8,43.1068
8192,440,344,8,42.1811
8192,440,352,8,40.6175
8192,440,360,8,40.1239
8192,440,368,8,39.2878
8192,440,376,8,37.5322
8192,440,384,8,36.8245
8192,440,392,8,35.8448
8192,440,400,8,34.2998
8192,440,408,8,33.1677
8192,440,416,8,32.2795
8192,440,424,8,31.6082
8192,440,432,8,31.4402
8192,448,8,8,19.3672
8192,448,16,8,30.9491
8192,448,24,8,39.8803
8192,448,32,8,45.9921
8192,448,40,8,49.539
8192,448,48,8,49.923
8192,448,56,8,55.1121
8192,448,64,8,56.3327
8192,448,72,8,58.396
8192,448,80,8,57.6611
8192,448,88,8,59.4068
8192,448,96,8,60.9832
8192,448,104,8,62.0382
8192,448,112,8,62.703
8192,448,120,8,64.197
8192,448,128,8,60.9851
8192,448,136,8,63.9414
8192,448,144,8,61.2789
8192,448,152,8,64.188
8192,448,160,8,62.9617
8192,448,168,8,64.5179
8192,448,176,8,62.4411
8192,448,184,8,60.0002
8192,448,192,8,60.9586
8192,448,200,8,57.8356
8192,448,208,8,59.2469
8192,448,216,8,54.1455
8192,448,224,8,55.0143
8192,448,232,8,55.056
8192,448,240,8,53.8068
8192,448,248,8,55.4007
8192,448,256,8,50.5336
8192,448,264,8,53.4857
8192,448,272,8,50.2865
8192,448,280,8,50.7768
8192,448,288,8,48.1152
8192,448,296,8,48.6843
8192,448,304,8,48.0734
8192,448,312,8,44.5432
8192,448,320,8,42.3441
8192,448,328,8,43.5943
8192,448,336,8,42.7299
8192,448,344,8,41.6306
8192,448,352,8,41.9898
8192,448,360,8,39.3825
8192,448,368,8,39.8227
8192,448,376,8,38.0221
8192,448,384,8,36.8175
8192,448,392,8,35.2418
8192,448,400,8,34.6689
8192,448,408,8,34.0338
8192,448,416,8,32.7736
8192,448,424,8,32.2984
8192,448,432,8,31.406
8192,448,440,8,30.4981
8192,456,8,8,18.454
8192,456,16,8,29.7818
8192,456,24,8,38.0901
8192,456,32,8,42.9378
8192,456,40,8,47.2445
8192,456,48,8,48.8733
8192,456,56,8,52.503
8192,456,64,8,55.9782
8192,456,72,8,58.5175
8192,456,80,8,60.6743
8192,456,88,8,59.9828
8192,456,96,8,64.7193
8192,456,104,8,62.2379
8192,456,112,8,63.7896
8192,456,120,8,62.8313
8192,456,128,8,65.7854
8192,456,136,8,63.5079
8192,456,144,8,61.7945
8192,456,152,8,62.5442
8192,456,160,8,63.1703
8192,456,168,8,62.166
8192,456,176,8,64.4217
8192,456,184,8,59.6608
8192,456,192,8,64.2803
8192,456,200,8,59.6972
8192,456,208,8,58.6733
8192,456,216,8,57.6054
8192,456,224,8,57.5757
8192,456,232,8,53.9776
8192,456,240,8,57.3024
8192,456,248,8,52.8946
8192,456,256,8,54.2451
8192,456,264,8,51.7338
8192,456,272,8,52.6392
8192,456,280,8,48.3881
8192,456,288,8,49.8074
8192,456,296,8,47.6303
8192,456,304,8,47.876
8192,456,312,8,45.9051
8192,456,320,8,45.3223
8192,456,328,8,42.5916
8192,456,336,8,43.9078
8192,456,344,8,41.2392
8192,456,352,8,41.4947
8192,456,360,8,40.9309
8192,456,368,8,39.8436
8192,456,376,8,39.0202
8192,456,384,8,37.9607
8192,456,392,8,35.2088
8192,456,400,8,35.4414
8192,456,408,8,32.2669
8192,456,416,8,32.0028
8192,456,424,8,33.1413
8192,456,432,8,31.9454
8192,456,440,8,30.9357
8192,456,448,8,30.8464
8192,464,8,8,18.8459
8192,464,16,8,30.4557
8192,464,24,8,37.899
8192,464,32,8,45.8036
8192,464,40,8,50.6221
8192,464,48,8,51.0713
8192,464,56,8,52.5109
8192,464,64,8,56.996
8192,464,72,8,59.7993
8192,464,80,8,59.9399
8192,464,88,8,61.9866
8192,464,96,8,62.756
8192,464,104,8,64.5929
8192,464,112,8,62.4569
8192,464,120,8,66.8064
8192,464,128,8,62.9166
8192,464,136,8,64.5688
8192,464,144,8,62.8738
8192,464,152,8,61.1293
8192,464,160,8,66.326
8192,464,168,8,66.671
8192,464,176,8,65.9196
8192,464,184,8,62.1592
8192,464,192,8,64.5628
8192,464,200,8,61.4417
8192,464,208,8,61.1738
8192,464,216,8,56.5128
8192,464,224,8,54.9605
8192,464,232,8,55.4533
8192,464,240,8,53.7679
8192,464,248,8,53.3947
8192,464,256,8,52.3389
8192,464,264,8,51.6631
8192,464,272,8,52.3666
8192,464,280,8,48.707
8192,464,288,8,49.7656
8192,464,296,8,47.271
8192,464,304,8,48.2105
8192,464,312,8,46.928
8192,464,320,8,47.1474
8192,464,328,8,44.6948
8192,464,336,8,44.7555
8192,464,344,8,42.2391
8192,464,352,8,42.7142
8192,464,360,8,41.9464
8192,464,368,8,40.0007
8192,464,376,8,39.1053
8192,464,384,8,38.7548
8192,464,392,8,36.3283
8192,464,400,8,36.1717
8192,464,408,8,35.2137
8192,464,416,8,34.4243
8192,464,424,8,32.8582
8192,464,432,8,32.2837
8192,464,440,8,31.5999
8192,464,448,8,30.8766
8192,464,456,8,30.4337
8192,472,8,8,17.5335
8192,472,16,8,27.9497
8192,472,24,8,38.9118
8192,472,32,8,45.5484
8192,472,40,8,50.144
8192,472,48,8,50.7663
8192,472,56,8,54.7949
8192,472,64,8,56.1832
8192,472,72,8,59.9173
8192,472,80,8,62.3502
8192,472,88,8,62.5907
8192,472,96,8,66.4185
8192,472,104,8,63.6651
8192,472,112,8,64.8182
8192,472,120,8,64.3047
8192,472,128,8,65.5661
8192,472,136,8,63.6912
8192,472,144,8,61.8018
8192,472,152,8,64.9771
8192,472,160,8,65.6025
8192,472,168,8,69.0588
8192,472,176,8,64.3025
8192,472,184,8,62.9967
8192,472,192,8,62.1356
8192,472,200,8,61.9652
8192,472,208,8,58.7593
8192,472,216,8,58.2487
8192,472,224,8,54.5611
8192,472,232,8,53.8043
8192,472,240,8,52.8726
8192,472,248,8,53.7475
8192,472,256,8,51.5335
8192,472,264,8,53.7365
8192,472,272,8,49.9606
8192,472,280,8,51.6393
8192,472,288,8,49.5613
8192,472,296,8,48.6759
8192,472,304,8,47.4311
8192,472,312,8,47.8526
8192,472,320,8,46.098
8192,472,328,8,45.8759
8192,472,336,8,44.6485
8192,472,344,8,43.1211
8192,472,352,8,42.3729
8192,472,360,8,42.6911
8192,472,368,8,40.1407
8192,472,376,8,40.5013
8192,472,384,8,39.064
8192,472,392,8,37.702
8192,472,400,8,36.9593
8192,472,408,8,36.0649
8192,472,416,8,35.097
8192,472,424,8,34.5989
8192,472,432,8,33.5321
8192,472,440,8,32.8217
8192,472,448,8,32.5054
8192,472,456,8,31.3848
8192,472,464,8,30.6998
8192,480,8,8,19.2143
8192,480,16,8,29.0505
8192,480,24,8,39.0002
8192,480,32,8,44.5713
8192,480,40,8,50.3046
8192,480,48,8,50.9487
8192,480,56,8,46.5366
8192,480,64,8,56.9951
8192,480,72,8,60.5809
8192,480,80,8,66.1277
8192,480,88,8,63.7174
8192,480,96,8,66.0786
8192,480,104,8,61.9012
8192,480,112,8,64.4248
8192,480,120,8,64.7242
8192,480,128,8,66.781
8192,480,136,8,65.5279
8192,480,144,8,66.447
8192,480,152,8,63.5379
8192,480,160,8,63.3693
8192,480,168,8,67.339
8192,480,176,8,63.3141
8192,480,184,8,65.4367
8192,480,192,8,63.3342
8192,480,200,8,64.8856
8192,480,208,8,60.6095
8192,480,216,8,55.824
8192,480,224,8,57.1825
8192,480,232,8,52.3958
8192,480,240,8,54.3748
8192,480,248,8,52.4743
8192,480,256,8,51.7754
8192,480,264,8,49.8394
8192,480,272,8,51.7444
8192,480,280,8,49.6182
8192,480,288,8,50.0917
8192,480,296,8,48.3576
8192,480,304,8,48.1267
8192,480,312,8,45.5042
8192,480,320,8,44.4071
8192,480,328,8,42.0007
8192,480,336,8,43.6928
8192,480,344,8,42.5724
8192,480,352,8,42.3882
8192,480,360,8,41.5066
8192,480,368,8,40.2104
8192,480,376,8,40.0236
8192,480,384,8,39.5871
8192,480,392,8,36.7825
8192,480,400,8,36.2265
8192,480,408,8,35.7615
8192,480,416,8,35.1339
8192,480,424,8,34.3889
8192,480,432,8,33.2981
8192,480,440,8,28.711
8192,480,448,8,31.1571
8192,480,456,8,30.9312
8192,480,464,8,30.3565
8192,480,472,8,26.2196
8192,488,8,8,18.112
8192,488,16,8,28.8748
8192,488,24,8,35.6202
8192,488,32,8,43.6727
8192,488,40,8,48.9467
8192,488,48,8,49.2661
8192,488,56,8,56.2976
8192,488,64,8,58.6009
8192,488,72,8,59.4076
8192,488,80,8,61.9818
8192,488,88,8,63.4246
8192,488,96,8,65.5349
8192,488,104,8,66.2347
8192,488,112,8,64.2323
8192,488,120,8,65.2408
8192,488,128,8,66.2796
8192,488,136,8,69.0887
8192,488,144,8,62.0944
8192,488,152,8,66.5498
8192,488,160,8,64.0564
8192,488,168,8,67.2308
8192,488,176,8,68.4792
8192,488,184,8,67.6476
8192,488,192,8,65.0317
8192,488,200,8,64.9387
8192,488,208,8,59.0963
8192,488,216,8,57.9098
8192,488,224,8,56.1878
8192,488,232,8,51.6723
8192,488,240,8,54.1041
8192,488,248,8,51.372
8192,488,256,8,54.6895
8192,488,264,8,51.2004
8192,488,272,8,53.2664
8192,488,280,8,49.9771
8192,488,288,8,49.0224
8192,488,296,8,50.0273
8192,488,304,8,47.9805
8192,488,312,8,48.3161
8192,488,320,8,46.2513
8192,488,328,8,47.056
8192,488,336,8,44.5034
8192,488,344,8,45.647
8192,488,352,8,43.6389
8192,488,360,8,43.1372
8192,488,368,8,42.1357
8192,488,376,8,40.5412
8192,488,384,8,40.6117
8192,488,392,8,38.4033
8192,488,400,8,37.2938
8192,488,408,8,33.9863
8192,488,416,8,32.6835
8192,488,424,8,35.14
8192,488,432,8,35.8498
8192,488,440,8,34.8248
8192,488,448,8,32.5918
8192,488,456,8,32.578
8192,488,464,8,31.3922
8192,488,472,8,31.4022
8192,488,480,8,30.5565
8192,496,8,8,20.2198
8192,496,16,8,29.7716
8192,496,24,8,37.3653
8192,496,32,8,44.5083
8192,496,40,8,48.3363
8192,496,48,8,50.4918
8192,496,56,8,54.3385
8192,496,64,8,59.226
8192,496,72,8,61.1498
8192,496,80,8,60.4022
8192,496,88,8,65.0144
8192,496,96,8,62.0016
8192,496,104,8,67.1188
8192,496,112,8,62.2104
8192,496,120,8,66.8584
8192,496,128,8,67.5403
8192,496,136,8,70.7166
8192,496,144,8,66.4893
8192,496,152,8,64.1094
8192,496,160,8,65.7651
8192,496,168,8,64.8717
8192,496,176,8,63.5475
8192,496,184,8,67.3161
8192,496,192,8,63.0338
8192,496,200,8,65.1647
8192,496,208,8,62.04
8192,496,216,8,57.8363
8192,496,224,8,55.4929
8192,496,232,8,53.7324
8192,496,240,8,51.2177
8192,496,248,8,52.2126
8192,496,256,8,49.2148
8192,496,264,8,51.4918
8192,496,272,8,50.6597
8192,496,280,8,51.428
8192,496,288,8,48.8005
8192,496,296,8,49.7154
8192,496,304,8,47.9633
8192,496,312,8,48.3387
8192,496,320,8,46.1625
8192,496,328,8,46.4737
8192,496,336,8,45.9588
8192,496,344,8,45.6813
8192,496,352,8,43.7649
8192,496,360,8,43.5231
8192,496,368,8,42.1692
8192,496,376,8,40.7752
8192,496,384,8,40.8057
8192,496,392,8,38.6116
8192,496,400,8,38.8033
8192,496,408,8,38.0114
8192,496,416,8,36.2205
8192,496,424,8,35.645
8192,496,432,8,35.0031
8192,496,440,8,34.3789
8192,496,448,8,32.7688
8192,496,456,8,32.3139
8192,496,464,8,31.8755
8192,496,472,8,31.5287
8192,496,480,8,30.2004
8192,496,488,8,31.41
8192,504,8,8,18.9294
8192,504,16,8,30.0433
8192,504,24,8,38.5565
8192,504,32,8,44.3684
8192,504,40,8,49.1811
8192,504,48,8,49.5058
8192,504,56,8,56.4355
8192,504,64,8,59.5666
8192,504,72,8,60.6723
8192,504,80,8,63.6194
8192,504,88,8,61.8278
8192,504,96,8,65.641
8192,504,104,8,65.4206
8192,504,112,8,65.2565
8192,504,120,8,64.1755
8192,504,128,8,66.8781
8192,504,136,8,67.1056
8192,504,144,8,69.5364
8192,504,152,8,65.7241
8192,504,160,8,62.6835
8192,504,168,8,68.9801
8192,504,176,8,64.9227
8192,504,184,8,68.1825
8192,504,192,8,65.6281
8192,504,200,8,61.8442
8192,504,208,8,64.7867
8192,504,216,8,58.7025
8192,504,224,8,55.5203
8192,504,232,8,51.8888
8192,504,240,8,50.7181
8192,504,248,8,47.5944
8192,504,256,8,51.8061
8192,504,264,8,49.9274
8192,504,272,8,48.7276
8192,504,280,8,49.8296
8192,504,288,8,49.8671
8192,504,296,8,48.2072
8192,504,304,8,48.8323
8192,504,312,8,47.2255
8192,504,320,8,48.7081
8192,504,328,8,45.0078
8192,504,336,8,46.9122
8192,504,344,8,44.1249
8192,504,352,8,45.3325
8192,504,360,8,43.3031
8192,504,368,8,42.7123
8192,504,376,8,41.2632
8192,504,384,8,41.1656
8192,504,392,8,38.42
8192,504,400,8,39.247
8192,504,408,8,37.0801
8192,504,416,8,36.7783
8192,504,424,8,36.2035
8192,504,432,8,35.5235
8192,504,440,8,34.7895
8192,504,448,8,34.0845
8192,504,456,8,33.3995
8192,504,464,8,31.8701
8192,504,472,8,31.8905
8192,504,480,8,31.0549
8192,504,488,8,30.3826
8192,504,496,8,30.0346
8192,512,8,8,17.2765
8192,512,16,8,26.7386
8192,512,24,8,33.9189
8192,512,32,8,40.8943
8192,512,40,8,45.2542
8192,512,48,8,44.7815
8192,512,56,8,52.1121
8192,512,64,8,56.5992
8192,512,72,8,59.0125
8192,512,80,8,59.4011
8192,512,88,8,63.6985
8192,512,96,8,60.7985
8192,512,104,8,64.3093
8192,512,112,8,61.789
8192,512,120,8,65.0703
8192,512,128,8,65.4464
8192,512,136,8,67.4014
8192,512,144,8,63.7534
8192,512,152,8,64.5099
8192,512,160,8,61.1678
8192,512,168,8,62.768
8192,512,176,8,63.011
8192,512,184,8,62.4829
8192,512,192,8,64.0638
8192,512,200,8,63.7254
8192,512,208,8,59.3625
8192,512,216,8,58.2048
8192,512,224,8,56.0978
8192,512,232,8,51.1938
8192,512,240,8,52.6173
8192,512,248,8,49.1246
8192,512,256,8,49.641
8192,512,264,8,48.9512
8192,512,272,8,48.3574
8192,512,280,8,48.1204
8192,512,288,8,48.2322
8192,512,296,8,47.6025
8192,512,304,8,44.3177
8192,512,312,8,45.5252
8192,512,320,8,43.8426
8192,512,328,8,46.3613
8192,512,336,8,44.6922
8192,512,344,8,45.1558
8192,512,352,8,42.1395
8192,512,360,8,42.6908
8192,512,368,8,41.6963
8192,512,376,8,40.1942
8192,512,384,8,40.6151
8192,512,392,8,38.4438
8192,512,400,8,37.6184
8192,512,408,8,36.9943
8192,512,416,8,35.8913
8192,512,424,8,34.8838
8192,512,432,8,34.2409
8192,512,440,8,33.7018
8192,512,448,8,33.4258
8192,512,456,8,33.027
8192,512,464,8,31.8802
8192,512,472,8,30.6218
8192,512,480,8,30.9696
8192,512,488,8,30.4792
8192,512,496,8,29.8938
8192,512,504,8,28.8656
